Session,Channel,Network,ADAPT,TP,FP,FN,Precision,Recall,F1,Mean_Latency,Num_Spikes,Num_Ripples
2025-09-24_10-24-40,30,adapt20_3b,120,71,83,21,0.461038961038961,0.7717391304347826,0.5772357723577236,24.268544600940285,975,92
2025-09-23_15-50-26,28,adapt20_3b,120,133,114,6,0.5384615384615384,0.9568345323741008,0.689119170984456,22.560651629072908,2307,139
2025-09-22_17-55-26,26,adapt20_3b,120,174,170,11,0.5058139534883721,0.9405405405405406,0.6578449905482041,20.16053639846649,3746,185
2025-09-25_16-41-14,21,adapt20_3b,120,127,185,17,0.40705128205128205,0.8819444444444444,0.5570175438596491,24.292125984248806,2903,144
2025-09-24_14-22-55,25,adapt20_3b,120,264,179,0,0.5959367945823928,1.0,0.7468175388967468,8.701515151515677,11176,264
2025-09-24_15-13-10,14,adapt20_3b,120,84,52,0,0.6176470588235294,1.0,0.7636363636363637,16.757539682539836,1789,84
2025-09-24_16-29-07,5,adapt20_3b,120,40,313,0,0.11331444759206799,1.0,0.20356234096692113,14.187500000000194,2543,40
2025-09-24_17-38-17,13,adapt20_3b,120,15,146,0,0.09316770186335403,1.0,0.17045454545454544,16.94444444443543,737,15
2025-09-24_15-13-10,14,adapt20_3b,20,83,46,1,0.6434108527131783,0.9880952380952381,0.779342723004695,17.4373493975904,1762,84
2025-09-23_15-50-26,28,adapt20_3b,20,129,121,10,0.516,0.9280575539568345,0.6632390745501285,23.054780361758016,2285,139
2025-09-25_16-41-14,21,adapt20_3b,20,129,170,15,0.431438127090301,0.8958333333333334,0.582392776523702,24.644444444441497,2735,144
2025-09-22_17-55-26,26,adapt20_3b,20,175,164,10,0.5162241887905604,0.9459459459459459,0.6679389312977099,20.333714285713498,3765,185
2025-09-24_10-24-40,30,adapt20_3b,20,69,82,23,0.45695364238410596,0.75,0.5679012345679013,26.542028985508534,983,92
2025-09-24_14-22-55,25,adapt20_3b,20,264,160,0,0.6226415094339622,1.0,0.7674418604651162,9.012121212121738,11078,264
2025-09-24_17-38-17,13,adapt20_3b,20,15,148,0,0.09202453987730061,1.0,0.16853932584269662,12.74444444443543,813,15
2025-09-24_16-29-07,5,adapt20_3b,20,39,294,1,0.11711711711711711,0.975,0.20911528150134048,11.335897435897783,2659,40
2025-09-24_15-13-10,14,adapt20_3b,2,82,51,2,0.6165413533834586,0.9761904761904762,0.7557603686635945,16.76097560975621,1808,84
2025-09-23_15-50-26,28,adapt20_3b,2,127,117,12,0.5204918032786885,0.9136690647482014,0.6631853785900783,21.561942257217876,2139,139
2025-09-24_14-22-55,25,adapt20_3b,2,264,153,0,0.6330935251798561,1.0,0.7753303964757708,9.421212121212646,10956,264
2025-09-24_10-24-40,30,adapt20_3b,2,58,80,34,0.42028985507246375,0.6304347826086957,0.5043478260869565,26.827586206898246,772,92
2025-09-22_17-55-26,26,adapt20_3b,2,164,117,21,0.5836298932384342,0.8864864864864865,0.7038626609442059,19.786585365852872,3204,185
2025-09-25_16-41-14,21,adapt20_3b,2,127,189,17,0.40189873417721517,0.8819444444444444,0.5521739130434783,25.108136482937027,2667,144
2025-09-24_16-29-07,5,adapt20_3b,2,39,284,1,0.12074303405572756,0.975,0.21487603305785127,13.006837606837706,2723,40
2025-09-24_17-38-17,13,adapt20_3b,2,15,157,0,0.0872093023255814,1.0,0.16042780748663102,13.34444444443543,876,15
2025-09-24_15-13-10,14,adapt20_3b,0,84,51,0,0.6222222222222222,1.0,0.7671232876712328,17.186111111111263,1764,84
2025-09-24_14-22-55,25,adapt20_3b,0,264,144,0,0.6470588235294118,1.0,0.7857142857142858,9.887121212121738,10585,264
2025-09-23_15-50-26,28,adapt20_3b,0,134,116,5,0.536,0.9640287769784173,0.6889460154241646,22.296268656716627,2390,139
2025-09-24_10-24-40,30,adapt20_3b,0,67,86,25,0.43790849673202614,0.7282608695652174,0.546938775510204,23.94129353234014,939,92
2025-09-25_16-41-14,21,adapt20_3b,0,128,168,16,0.43243243243243246,0.8888888888888888,0.5818181818181818,25.869791666663332,2802,144
2025-09-22_17-55-26,26,adapt20_3b,0,176,178,9,0.4971751412429379,0.9513513513513514,0.653061224489796,19.61666666666593,3929,185
2025-09-24_16-29-07,5,adapt20_3b,0,39,294,1,0.11711711711711711,0.975,0.20911528150134048,12.824786324786274,2539,40
2025-09-24_17-38-17,13,adapt20_3b,0,15,159,0,0.08620689655172414,1.0,0.15873015873015872,14.477777777768763,793,15
2025-09-24_14-22-55,25,dsb4updn_median_200_11b,120,264,39,0,0.8712871287128713,1.0,0.9312169312169313,19.5727272727278,8870,264
2025-09-22_17-55-26,26,dsb4updn_median_200_11b,120,174,113,11,0.6062717770034843,0.9405405405405406,0.7372881355932204,40.469540229884466,2364,185
2025-09-23_15-50-26,28,dsb4updn_median_200_11b,120,125,85,14,0.5952380952380952,0.8992805755395683,0.7163323782234957,40.36666666666644,1382,139
2025-09-24_15-13-10,14,dsb4updn_median_200_11b,120,81,17,3,0.826530612244898,0.9642857142857143,0.8901098901098902,30.40946502057655,1315,84
2025-09-24_10-24-40,30,dsb4updn_median_200_11b,120,62,66,30,0.484375,0.6739130434782609,0.5636363636363637,45.6994623655926,647,92
2025-09-25_16-41-14,21,dsb4updn_median_200_11b,120,119,144,25,0.4524714828897338,0.8263888888888888,0.5847665847665847,42.040616246495624,1738,144
2025-09-24_17-38-17,13,dsb4updn_median_200_11b,120,15,106,0,0.12396694214876033,1.0,0.22058823529411764,40.87777777776876,534,15
2025-09-24_16-29-07,5,dsb4updn_median_200_11b,120,36,227,4,0.13688212927756654,0.9,0.23762376237623764,37.08240740740703,1656,40
2025-09-24_10-24-40,30,dsb4updn_median_200_11b,20,63,54,29,0.5384615384615384,0.6847826086956522,0.6028708133971292,45.81640211640375,619,92
2025-09-24_15-13-10,14,dsb4updn_median_200_11b,20,79,16,5,0.8315789473684211,0.9404761904761905,0.88268156424581,30.32278481012695,1278,84
2025-09-25_16-41-14,21,dsb4updn_median_200_11b,20,120,130,24,0.48,0.8333333333333334,0.6091370558375634,45.44222222222003,1731,144
2025-09-22_17-55-26,26,dsb4updn_median_200_11b,20,172,119,13,0.5910652920962199,0.9297297297297298,0.7226890756302522,38.86182170542552,2459,185
2025-09-23_15-50-26,28,dsb4updn_median_200_11b,20,121,76,18,0.6142131979695431,0.8705035971223022,0.7202380952380951,42.066666666667366,1319,139
2025-09-24_14-22-55,25,dsb4updn_median_200_11b,20,264,36,0,0.88,1.0,0.9361702127659575,20.12954545454598,8723,264
2025-09-24_17-38-17,13,dsb4updn_median_200_11b,20,15,102,0,0.1282051282051282,1.0,0.22727272727272727,35.477777777768765,565,15
2025-09-24_16-29-07,5,dsb4updn_median_200_11b,20,38,226,2,0.14393939393939395,0.95,0.25,33.76140350877178,1689,40
2025-09-24_14-22-55,25,dsb4updn_median_200_11b,2,264,27,0,0.9072164948453608,1.0,0.9513513513513514,20.110606060606585,8673,264
2025-09-22_17-55-26,26,dsb4updn_median_200_11b,2,159,65,26,0.7098214285714286,0.8594594594594595,0.7775061124694377,41.11446540880498,1994,185
2025-09-24_15-13-10,14,dsb4updn_median_200_11b,2,80,15,4,0.8421052631578947,0.9523809523809523,0.8938547486033519,30.072083333333648,1341,84
2025-09-25_16-41-14,21,dsb4updn_median_200_11b,2,117,132,27,0.46987951807228917,0.8125,0.5954198473282443,42.79857549857339,1694,144
2025-09-24_10-24-40,30,dsb4updn_median_200_11b,2,55,42,37,0.5670103092783505,0.5978260869565217,0.582010582010582,44.42000000000156,476,92
2025-09-23_15-50-26,28,dsb4updn_median_200_11b,2,119,76,20,0.6102564102564103,0.8561151079136691,0.7125748502994013,40.86694677871132,1230,139
2025-09-24_16-29-07,5,dsb4updn_median_200_11b,2,35,202,5,0.14767932489451477,0.875,0.25270758122743686,35.119047619048395,1686,40
2025-09-24_17-38-17,13,dsb4updn_median_200_11b,2,13,102,2,0.11304347826086956,0.8666666666666667,0.19999999999999998,45.543589743575744,568,15
2025-09-24_10-24-40,30,dsb4updn_median_200_11b,0,65,68,27,0.48872180451127817,0.7065217391304348,0.5777777777777777,44.10256410256597,675,92
2025-09-24_14-22-55,25,dsb4updn_median_200_11b,0,264,27,0,0.9072164948453608,1.0,0.9513513513513514,20.512121212121738,8417,264
2025-09-22_17-55-26,26,dsb4updn_median_200_11b,0,173,133,12,0.565359477124183,0.9351351351351351,0.7046843177189409,38.341425818881376,2492,185
2025-09-23_15-50-26,28,dsb4updn_median_200_11b,0,125,86,14,0.5924170616113744,0.8992805755395683,0.7142857142857143,40.7005333333336,1420,139
2025-09-25_16-41-14,21,dsb4updn_median_200_11b,0,116,134,28,0.464,0.8055555555555556,0.5888324873096448,42.86494252873333,1737,144
2025-09-24_15-13-10,14,dsb4updn_median_200_11b,0,82,19,2,0.8118811881188119,0.9761904761904762,0.8864864864864865,31.3308943089436,1327,84
2025-09-24_16-29-07,5,dsb4updn_median_200_11b,0,36,215,4,0.14342629482071714,0.9,0.24742268041237117,36.44351851851814,1689,40
2025-09-24_17-38-17,13,dsb4updn_median_200_11b,0,15,107,0,0.12295081967213115,1.0,0.218978102189781,39.94444444443543,527,15
2025-09-23_15-50-26,28,dsb4updn_median_200_11f,120,109,72,30,0.6022099447513812,0.7841726618705036,0.68125,42.7302752293587,1145,139
2025-09-22_17-55-26,26,dsb4updn_median_200_11f,120,165,99,20,0.625,0.8918918918918919,0.734966592427617,42.615151515151105,2068,185
2025-09-25_16-41-14,21,dsb4updn_median_200_11f,120,115,99,29,0.5373831775700935,0.7986111111111112,0.6424581005586593,45.37072463767912,1443,144
2025-09-24_15-13-10,14,dsb4updn_median_200_11f,120,78,12,6,0.8666666666666667,0.9285714285714286,0.896551724137931,32.94658119658188,1031,84
2025-09-24_14-22-55,25,dsb4updn_median_200_11f,120,264,31,0,0.8949152542372881,1.0,0.9445438282647585,21.898484848485374,7779,264
2025-09-24_10-24-40,30,dsb4updn_median_200_11f,120,58,46,34,0.5576923076923077,0.6304347826086957,0.5918367346938777,50.95747126436793,491,92
2025-09-24_17-38-17,13,dsb4updn_median_200_11f,120,15,83,0,0.15306122448979592,1.0,0.2654867256637168,41.34444444443543,405,15
2025-09-24_16-29-07,5,dsb4updn_median_200_11f,120,36,182,4,0.1651376146788991,0.9,0.27906976744186046,37.93796296296226,1356,40
2025-09-23_15-50-26,28,dsb4updn_median_200_11f,20,110,65,29,0.6285714285714286,0.7913669064748201,0.7006369426751592,44.523939393939756,1121,139
2025-09-25_16-41-14,21,dsb4updn_median_200_11f,20,115,106,29,0.5203619909502263,0.7986111111111112,0.6301369863013699,46.697681159418174,1460,144
2025-09-22_17-55-26,26,dsb4updn_median_200_11f,20,164,92,21,0.640625,0.8864864864864865,0.743764172335601,39.60650406503984,2099,185
2025-09-24_10-24-40,30,dsb4updn_median_200_11f,20,62,46,30,0.5740740740740741,0.6739130434782609,0.62,48.98064516129248,490,92
2025-09-24_14-22-55,25,dsb4updn_median_200_11f,20,264,20,0,0.9295774647887324,1.0,0.9635036496350364,22.1977272727278,7686,264
2025-09-24_15-13-10,14,dsb4updn_median_200_11f,20,78,13,6,0.8571428571428571,0.9285714285714286,0.8914285714285715,32.59230769230822,1044,84
2025-09-24_17-38-17,13,dsb4updn_median_200_11f,20,14,99,1,0.12389380530973451,0.9333333333333333,0.21875,41.24523809523232,465,15
2025-09-24_16-29-07,5,dsb4updn_median_200_11f,20,37,185,3,0.16666666666666666,0.925,0.282442748091603,35.90180180180128,1369,40
2025-09-24_15-13-10,14,dsb4updn_median_200_11f,2,77,13,7,0.8555555555555555,0.9166666666666666,0.8850574712643678,32.4233766233767,1117,84
2025-09-23_15-50-26,28,dsb4updn_median_200_11f,2,104,51,35,0.6709677419354839,0.7482014388489209,0.7074829931972789,41.67179487179578,980,139
2025-09-24_14-22-55,25,dsb4updn_median_200_11f,2,263,20,1,0.9293286219081273,0.9962121212121212,0.9616087751371115,22.343852978454283,7632,264
2025-09-24_10-24-40,30,dsb4updn_median_200_11f,2,50,38,42,0.5681818181818182,0.5434782608695652,0.5555555555555556,50.84466666666936,406,92
2025-09-22_17-55-26,26,dsb4updn_median_200_11f,2,151,51,34,0.7475247524752475,0.8162162162162162,0.7803617571059432,41.85673289183192,1809,185
2025-09-25_16-41-14,21,dsb4updn_median_200_11f,2,109,105,35,0.5093457943925234,0.7569444444444444,0.6089385474860336,42.99602446483033,1437,144
2025-09-24_16-29-07,5,dsb4updn_median_200_11f,2,35,186,5,0.1583710407239819,0.875,0.26819923371647514,33.719047619048396,1366,40
2025-09-24_17-38-17,13,dsb4updn_median_200_11f,2,14,77,1,0.15384615384615385,0.9333333333333333,0.2641509433962264,48.09761904760938,451,15
2025-09-24_14-22-55,25,dsb4updn_median_200_11f,0,264,24,0,0.9166666666666666,1.0,0.9565217391304348,22.387121212121738,7384,264
2025-09-22_17-55-26,26,dsb4updn_median_200_11f,0,166,99,19,0.6264150943396226,0.8972972972972973,0.7377777777777778,39.524899598392985,2151,185
2025-09-23_15-50-26,28,dsb4updn_median_200_11f,0,112,72,27,0.6086956521739131,0.8057553956834532,0.693498452012384,41.8747023809525,1215,139
2025-09-24_10-24-40,30,dsb4updn_median_200_11f,0,63,53,29,0.5431034482758621,0.6847826086956522,0.6057692307692307,49.04708994709215,532,92
2025-09-25_16-41-14,21,dsb4updn_median_200_11f,0,112,88,32,0.56,0.7777777777777778,0.6511627906976745,44.768154761902615,1468,144
2025-09-24_15-13-10,14,dsb4updn_median_200_11f,0,79,14,5,0.8494623655913979,0.9404761904761905,0.8926553672316385,33.692827004219275,1043,84
2025-09-24_17-38-17,13,dsb4updn_median_200_11f,0,15,84,0,0.15151515151515152,1.0,0.2631578947368421,46.87777777776876,384,15
2025-09-24_16-29-07,5,dsb4updn_median_200_11f,0,35,186,5,0.1583710407239819,0.875,0.26819923371647514,37.78190476190421,1377,40
2025-09-23_15-50-26,28,dsb4updn_median_200_12b,120,80,24,59,0.7692307692307693,0.5755395683453237,0.6584362139917695,32.194166666666455,675,139
2025-09-22_17-55-26,26,dsb4updn_median_200_12b,120,132,30,53,0.8148148148148148,0.7135135135135136,0.7608069164265131,30.00984848484946,1565,185
2025-09-25_16-41-14,21,dsb4updn_median_200_12b,120,84,44,60,0.65625,0.5833333333333334,0.6176470588235293,30.194841269838175,1074,144
2025-09-24_15-13-10,14,dsb4updn_median_200_12b,120,68,12,16,0.85,0.8095238095238095,0.8292682926829269,24.388725490197004,841,84
2025-09-24_14-22-55,25,dsb4updn_median_200_12b,120,259,29,5,0.8993055555555556,0.9810606060606061,0.9384057971014492,18.983526383526947,5587,264
2025-09-24_10-24-40,30,dsb4updn_median_200_12b,120,34,12,58,0.7391304347826086,0.3695652173913043,0.49275362318840565,35.72647058823821,236,92
2025-09-24_16-29-07,5,dsb4updn_median_200_12b,120,30,87,10,0.2564102564102564,0.75,0.38216560509554137,22.395555555552967,806,40
2025-09-24_17-38-17,13,dsb4updn_median_200_12b,120,10,28,5,0.2631578947368421,0.6666666666666666,0.3773584905660377,33.00333333333047,204,15
2025-09-24_10-24-40,30,dsb4updn_median_200_12b,20,41,16,51,0.7192982456140351,0.44565217391304346,0.5503355704697986,35.96991869919009,252,92
2025-09-24_15-13-10,14,dsb4updn_median_200_12b,20,71,10,13,0.8765432098765432,0.8452380952380952,0.8606060606060606,25.400469483568706,808,84
2025-09-25_16-41-14,21,dsb4updn_median_200_12b,20,82,45,62,0.6456692913385826,0.5694444444444444,0.6051660516605165,33.70487804877928,1060,144
2025-09-24_14-22-55,25,dsb4updn_median_200_12b,20,254,26,10,0.9071428571428571,0.9621212121212122,0.9338235294117646,20.13267716535502,5408,264
2025-09-22_17-55-26,26,dsb4updn_median_200_12b,20,135,26,50,0.8385093167701864,0.7297297297297297,0.7803468208092486,29.267407407406793,1587,185
2025-09-23_15-50-26,28,dsb4updn_median_200_12b,20,75,24,64,0.7575757575757576,0.539568345323741,0.6302521008403361,30.860888888887786,604,139
2025-09-24_16-29-07,5,dsb4updn_median_200_12b,20,32,84,8,0.27586206896551724,0.8,0.4102564102564103,26.53854166666612,797,40
2025-09-24_17-38-17,13,dsb4updn_median_200_12b,20,12,24,3,0.3333333333333333,0.8,0.47058823529411764,31.658333333331104,212,15
2025-09-22_17-55-26,26,dsb4updn_median_200_12b,2,121,31,64,0.7960526315789473,0.654054054054054,0.7181008902077152,30.03691460055192,1566,185
2025-09-24_15-13-10,14,dsb4updn_median_200_12b,2,70,10,14,0.875,0.8333333333333334,0.8536585365853658,25.956666666667196,827,84
2025-09-24_10-24-40,30,dsb4updn_median_200_12b,2,34,12,58,0.7391304347826086,0.3695652173913043,0.49275362318840565,41.07549019607776,201,92
2025-09-23_15-50-26,28,dsb4updn_median_200_12b,2,78,24,61,0.7647058823529411,0.5611510791366906,0.6473029045643153,30.384188034189485,555,139
2025-09-24_14-22-55,25,dsb4updn_median_200_12b,2,259,24,5,0.9151943462897526,0.9810606060606061,0.9469835466179158,19.173230373230986,5386,264
2025-09-25_16-41-14,21,dsb4updn_median_200_12b,2,87,38,57,0.696,0.6041666666666666,0.6468401486988846,34.66513409961571,887,144
2025-09-24_16-29-07,5,dsb4updn_median_200_12b,2,29,76,11,0.2761904761904762,0.725,0.4,21.467816091952752,829,40
2025-09-24_17-38-17,13,dsb4updn_median_200_12b,2,12,31,3,0.27906976744186046,0.8,0.4137931034482758,43.01666666665551,184,15
2025-09-24_14-22-55,25,dsb4updn_median_200_12b,0,258,26,6,0.9084507042253521,0.9772727272727273,0.9416058394160584,20.719379844961814,5116,264
2025-09-24_15-13-10,14,dsb4updn_median_200_12b,0,68,12,16,0.85,0.8095238095238095,0.8292682926829269,24.808823529412035,819,84
2025-09-23_15-50-26,28,dsb4updn_median_200_12b,0,86,27,53,0.7610619469026548,0.6187050359712231,0.6825396825396826,31.984108527131653,696,139
2025-09-24_10-24-40,30,dsb4updn_median_200_12b,0,37,13,55,0.74,0.40217391304347827,0.5211267605633803,38.151351351353085,193,92
2025-09-22_17-55-26,26,dsb4updn_median_200_12b,0,133,38,52,0.7777777777777778,0.7189189189189189,0.747191011235955,27.74360902255653,1813,185
2025-09-25_16-41-14,21,dsb4updn_median_200_12b,0,82,42,62,0.6612903225806451,0.5694444444444444,0.6119402985074627,33.317073170729934,1065,144
2025-09-24_16-29-07,5,dsb4updn_median_200_12b,0,32,79,8,0.2882882882882883,0.8,0.423841059602649,24.886458333332726,717,40
2025-09-24_17-38-17,13,dsb4updn_median_200_12b,0,10,28,5,0.2631578947368421,0.6666666666666666,0.3773584905660377,41.11666666666069,169,15
2025-09-22_17-55-26,26,dsb4updn_median_200_13f,120,168,100,17,0.6268656716417911,0.9081081081081082,0.7417218543046359,43.37043650793581,2204,185
2025-09-24_15-13-10,14,dsb4updn_median_200_13f,120,79,14,5,0.8494623655913979,0.9404761904761905,0.8926553672316385,33.29409282700464,1109,84
2025-09-25_16-41-14,21,dsb4updn_median_200_13f,120,115,116,29,0.49783549783549785,0.7986111111111112,0.6133333333333334,44.38898550724401,1579,144
2025-09-24_10-24-40,30,dsb4updn_median_200_13f,120,60,54,32,0.5263157894736842,0.6521739130434783,0.5825242718446602,49.143333333334645,565,92
2025-09-23_15-50-26,28,dsb4updn_median_200_13f,120,112,81,27,0.5803108808290155,0.8057553956834532,0.6746987951807228,42.049107142857515,1254,139
2025-09-24_14-22-55,25,dsb4updn_median_200_13f,120,264,33,0,0.8888888888888888,1.0,0.9411764705882353,22.03863636363689,7932,264
2025-09-24_16-29-07,5,dsb4updn_median_200_13f,120,36,207,4,0.14814814814814814,0.9,0.254416961130742,37.71666666666575,1492,40
2025-09-24_17-38-17,13,dsb4updn_median_200_13f,120,15,91,0,0.14150943396226415,1.0,0.24793388429752064,38.34444444443543,494,15
2025-09-24_15-13-10,14,dsb4updn_median_200_13f,20,79,16,5,0.8315789473684211,0.9404761904761905,0.88268156424581,33.140084388186196,1113,84
2025-09-24_10-24-40,30,dsb4updn_median_200_13f,20,62,56,30,0.5254237288135594,0.6739130434782609,0.5904761904761905,45.39086021505512,577,92
2025-09-23_15-50-26,28,dsb4updn_median_200_13f,20,113,75,26,0.601063829787234,0.8129496402877698,0.691131498470948,43.854277286136124,1225,139
2025-09-22_17-55-26,26,dsb4updn_median_200_13f,20,168,99,17,0.6292134831460674,0.9081081081081082,0.743362831858407,42.438690476189606,2263,185
2025-09-25_16-41-14,21,dsb4updn_median_200_13f,20,116,108,28,0.5178571428571429,0.8055555555555556,0.6304347826086957,47.18649425287079,1563,144
2025-09-24_14-22-55,25,dsb4updn_median_200_13f,20,264,22,0,0.9230769230769231,1.0,0.9600000000000001,22.618181818182343,7727,264
2025-09-24_17-38-17,13,dsb4updn_median_200_13f,20,14,100,1,0.12280701754385964,0.9333333333333333,0.21705426356589147,43.88809523808946,527,15
2025-09-24_16-29-07,5,dsb4updn_median_200_13f,20,37,215,3,0.14682539682539683,0.925,0.2534246575342466,35.84774774774722,1524,40
2025-09-24_15-13-10,14,dsb4updn_median_200_13f,2,78,13,6,0.8571428571428571,0.9285714285714286,0.8914285714285715,33.5987179487181,1174,84
2025-09-25_16-41-14,21,dsb4updn_median_200_13f,2,111,116,33,0.4889867841409692,0.7708333333333334,0.5983827493261455,45.57567567567405,1538,144
2025-09-22_17-55-26,26,dsb4updn_median_200_13f,2,153,60,32,0.7183098591549296,0.827027027027027,0.7688442211055277,43.36949891067501,1906,185
2025-09-24_14-22-55,25,dsb4updn_median_200_13f,2,263,19,1,0.9326241134751773,0.9962121212121212,0.9633699633699633,22.460076045627915,7706,264
2025-09-24_10-24-40,30,dsb4updn_median_200_13f,2,51,43,41,0.5425531914893617,0.5543478260869565,0.5483870967741936,48.47581699346483,441,92
2025-09-23_15-50-26,28,dsb4updn_median_200_13f,2,106,70,33,0.6022727272727273,0.762589928057554,0.6730158730158731,43.27578616352224,1058,139
2025-09-24_16-29-07,5,dsb4updn_median_200_13f,2,35,189,5,0.15625,0.875,0.26515151515151514,35.14761904761982,1488,40
2025-09-24_17-38-17,13,dsb4updn_median_200_13f,2,14,84,1,0.14285714285714285,0.9333333333333333,0.24778761061946902,43.66904761903795,501,15
2025-09-23_15-50-26,28,dsb4updn_median_200_13f,0,113,75,26,0.601063829787234,0.8129496402877698,0.691131498470948,42.51091445427718,1314,139
2025-09-24_14-22-55,25,dsb4updn_median_200_13f,0,264,28,0,0.9041095890410958,1.0,0.949640287769784,22.91742424242477,7475,264
2025-09-25_16-41-14,21,dsb4updn_median_200_13f,0,109,102,35,0.5165876777251185,0.7569444444444444,0.6140845070422536,44.514678899079286,1556,144
2025-09-24_15-13-10,14,dsb4updn_median_200_13f,0,79,15,5,0.8404255319148937,0.9404761904761905,0.8876404494382023,33.44261603375537,1129,84
2025-09-22_17-55-26,26,dsb4updn_median_200_13f,0,169,119,16,0.5868055555555556,0.9135135135135135,0.7145877378435518,40.993096646941964,2325,185
2025-09-24_10-24-40,30,dsb4updn_median_200_13f,0,63,61,29,0.5080645161290323,0.6847826086956522,0.5833333333333335,47.387830687833016,604,92
2025-09-24_17-38-17,13,dsb4updn_median_200_13f,0,15,102,0,0.1282051282051282,1.0,0.22727272727272727,44.8111111111021,464,15
2025-09-24_16-29-07,5,dsb4updn_median_200_13f,0,37,196,3,0.15879828326180256,0.925,0.271062271062271,39.7621621621619,1486,40
2025-09-24_15-13-10,14,dsb4updn_median_200_14b,120,78,17,6,0.8210526315789474,0.9285714285714286,0.8715083798882681,32.08760683760715,1261,84
2025-09-24_14-22-55,25,dsb4updn_median_200_14b,120,264,37,0,0.8770764119601329,1.0,0.9345132743362832,20.550000000000527,8686,264
2025-09-22_17-55-26,26,dsb4updn_median_200_14b,120,171,125,14,0.5777027027027027,0.9243243243243243,0.7110187110187112,42.552241715399155,2484,185
2025-09-23_15-50-26,28,dsb4updn_median_200_14b,120,120,95,19,0.5581395348837209,0.8633093525179856,0.6779661016949152,42.356388888888844,1473,139
2025-09-25_16-41-14,21,dsb4updn_median_200_14b,120,114,164,30,0.41007194244604317,0.7916666666666666,0.5402843601895735,42.00789473683963,1921,144
2025-09-24_10-24-40,30,dsb4updn_median_200_14b,120,69,68,23,0.5036496350364964,0.75,0.6026200873362445,46.22318840579913,704,92
2025-09-24_17-38-17,13,dsb4updn_median_200_14b,120,15,132,0,0.10204081632653061,1.0,0.1851851851851852,38.011111111102096,640,15
2025-09-24_16-29-07,5,dsb4updn_median_200_14b,120,37,251,3,0.1284722222222222,0.925,0.22560975609756098,37.54594594594568,1860,40
2025-09-24_15-13-10,14,dsb4updn_median_200_14b,20,80,14,4,0.851063829787234,0.9523809523809523,0.898876404494382,32.78541666666679,1253,84
2025-09-25_16-41-14,21,dsb4updn_median_200_14b,20,119,137,25,0.46484375,0.8263888888888888,0.595,46.13417366946553,1927,144
2025-09-24_14-22-55,25,dsb4updn_median_200_14b,20,264,29,0,0.9010238907849829,1.0,0.9479353680430879,21.0727272727278,8476,264
2025-09-22_17-55-26,26,dsb4updn_median_200_14b,20,169,131,16,0.5633333333333334,0.9135135135135135,0.6969072164948453,40.95936883629114,2543,185
2025-09-23_15-50-26,28,dsb4updn_median_200_14b,20,118,97,21,0.5488372093023256,0.8489208633093526,0.6666666666666667,43.01525423728857,1456,139
2025-09-24_10-24-40,30,dsb4updn_median_200_14b,20,66,67,26,0.49624060150375937,0.717391304347826,0.5866666666666667,44.772727272728815,659,92
2025-09-24_16-29-07,5,dsb4updn_median_200_14b,20,37,268,3,0.12131147540983607,0.925,0.2144927536231884,37.122522522521734,1929,40
2025-09-24_17-38-17,13,dsb4updn_median_200_14b,20,15,134,0,0.10067114093959731,1.0,0.18292682926829268,36.67777777776876,702,15
2025-09-24_15-13-10,14,dsb4updn_median_200_14b,2,78,15,6,0.8387096774193549,0.9285714285714286,0.8813559322033899,31.791880341880294,1280,84
2025-09-24_10-24-40,30,dsb4updn_median_200_14b,2,59,56,33,0.5130434782608696,0.6413043478260869,0.5700483091787439,46.223163841808734,551,92
2025-09-24_14-22-55,25,dsb4updn_median_200_14b,2,264,28,0,0.9041095890410958,1.0,0.949640287769784,21.224242424242952,8440,264
2025-09-23_15-50-26,28,dsb4updn_median_200_14b,2,113,77,26,0.5947368421052631,0.8129496402877698,0.6869300911854103,41.8404129793516,1260,139
2025-09-25_16-41-14,21,dsb4updn_median_200_14b,2,116,138,28,0.4566929133858268,0.8055555555555556,0.5829145728643216,43.94712643677962,1866,144
2025-09-22_17-55-26,26,dsb4updn_median_200_14b,2,158,73,27,0.683982683982684,0.8540540540540541,0.7596153846153847,42.14219409282656,2151,185
2025-09-24_16-29-07,5,dsb4updn_median_200_14b,2,36,229,4,0.13584905660377358,0.9,0.23606557377049178,33.61944444444433,1873,40
2025-09-24_17-38-17,13,dsb4updn_median_200_14b,2,14,118,1,0.10606060606060606,0.9333333333333333,0.1904761904761905,43.74047619046652,684,15
2025-09-24_14-22-55,25,dsb4updn_median_200_14b,0,264,28,0,0.9041095890410958,1.0,0.949640287769784,21.281060606061132,8266,264
2025-09-24_10-24-40,30,dsb4updn_median_200_14b,0,68,68,24,0.5,0.7391304347826086,0.5964912280701754,45.895588235296174,740,92
2025-09-23_15-50-26,28,dsb4updn_median_200_14b,0,122,100,17,0.5495495495495496,0.8776978417266187,0.6759002770083103,41.9915300546451,1520,139
2025-09-24_15-13-10,14,dsb4updn_median_200_14b,0,82,19,2,0.8118811881188119,0.9761904761904762,0.8864864864864865,32.712195121951325,1290,84
2025-09-25_16-41-14,21,dsb4updn_median_200_14b,0,115,139,29,0.452755905511811,0.7986111111111112,0.5778894472361809,43.84637681159163,1885,144
2025-09-22_17-55-26,26,dsb4updn_median_200_14b,0,173,157,12,0.5242424242424243,0.9351351351351351,0.6718446601941749,40.841425818881504,2671,185
2025-09-24_17-38-17,13,dsb4updn_median_200_14b,0,15,141,0,0.09615384615384616,1.0,0.17543859649122806,40.67777777776876,645,15
2025-09-24_16-29-07,5,dsb4updn_median_200_14b,0,37,258,3,0.12542372881355932,0.925,0.2208955223880597,39.62702702702676,1878,40
2025-09-24_14-22-55,25,dsb4updn_median_200_15f,120,264,32,0,0.8918918918918919,1.0,0.9428571428571428,21.54242424242477,8087,264
2025-09-25_16-41-14,21,dsb4updn_median_200_15f,120,118,151,26,0.43866171003717475,0.8194444444444444,0.5714285714285715,44.139548022596344,1824,144
2025-09-22_17-55-26,26,dsb4updn_median_200_15f,120,171,126,14,0.5757575757575758,0.9243243243243243,0.7095435684647302,43.732163742689245,2406,185
2025-09-24_10-24-40,30,dsb4updn_median_200_15f,120,64,64,28,0.5,0.6956521739130435,0.5818181818181818,44.153645833334394,695,92
2025-09-23_15-50-26,28,dsb4updn_median_200_15f,120,126,111,13,0.5316455696202531,0.9064748201438849,0.6702127659574468,43.06560846560859,1463,139
2025-09-24_15-13-10,14,dsb4updn_median_200_15f,120,82,17,2,0.8282828282828283,0.9761904761904762,0.8961748633879781,32.74268292682973,1222,84
2025-09-24_16-29-07,5,dsb4updn_median_200_15f,120,38,256,2,0.1292517006802721,0.95,0.22754491017964074,35.144736842105466,1777,40
2025-09-24_17-38-17,13,dsb4updn_median_200_15f,120,15,126,0,0.10638297872340426,1.0,0.1923076923076923,37.74444444443543,631,15
2025-09-23_15-50-26,28,dsb4updn_median_200_15f,20,120,91,19,0.5687203791469194,0.8633093525179856,0.6857142857142856,43.73388888888935,1428,139
2025-09-24_10-24-40,30,dsb4updn_median_200_15f,20,65,70,27,0.48148148148148145,0.7065217391304348,0.5726872246696035,43.5641025641042,673,92
2025-09-22_17-55-26,26,dsb4updn_median_200_15f,20,171,128,14,0.5719063545150501,0.9243243243243243,0.7066115702479339,41.36276803118841,2464,185
2025-09-25_16-41-14,21,dsb4updn_median_200_15f,20,122,134,22,0.4765625,0.8472222222222222,0.61,47.258743169396396,1833,144
2025-09-24_15-13-10,14,dsb4updn_median_200_15f,20,81,14,3,0.8526315789473684,0.9642857142857143,0.9050279329608938,33.14279835390963,1159,84
2025-09-24_14-22-55,25,dsb4updn_median_200_15f,20,264,32,0,0.8918918918918919,1.0,0.9428571428571428,21.898484848485374,7919,264
2025-09-24_17-38-17,13,dsb4updn_median_200_15f,20,15,118,0,0.11278195488721804,1.0,0.20270270270270271,36.67777777776876,677,15
2025-09-24_16-29-07,5,dsb4updn_median_200_15f,20,37,261,3,0.12416107382550336,0.925,0.21893491124260353,33.906306306306305,1839,40
2025-09-24_10-24-40,30,dsb4updn_median_200_15f,2,56,54,36,0.509090909090909,0.6086956521739131,0.5544554455445544,45.78035714285813,546,92
2025-09-24_15-13-10,14,dsb4updn_median_200_15f,2,79,13,5,0.8586956521739131,0.9404761904761905,0.8977272727272727,31.899999999999704,1234,84
2025-09-23_15-50-26,28,dsb4updn_median_200_15f,2,115,88,24,0.5665024630541872,0.8273381294964028,0.672514619883041,42.8437681159422,1274,139
2025-09-22_17-55-26,26,dsb4updn_median_200_15f,2,161,80,24,0.6680497925311203,0.8702702702702703,0.755868544600939,42.53954451345708,2113,185
2025-09-24_14-22-55,25,dsb4updn_median_200_15f,2,264,26,0,0.9103448275862069,1.0,0.9530685920577617,22.212878787879315,7843,264
2025-09-25_16-41-14,21,dsb4updn_median_200_15f,2,118,143,26,0.4521072796934866,0.8194444444444444,0.582716049382716,43.55423728813345,1776,144
2025-09-24_16-29-07,5,dsb4updn_median_200_15f,2,35,236,5,0.12915129151291513,0.875,0.22508038585209003,36.119047619048395,1799,40
2025-09-24_17-38-17,13,dsb4updn_median_200_15f,2,14,124,1,0.10144927536231885,0.9333333333333333,0.18300653594771243,40.74047619046652,668,15
2025-09-22_17-55-26,26,dsb4updn_median_200_15f,0,173,142,12,0.5492063492063493,0.9351351351351351,0.6920000000000001,41.13275529865042,2566,185
2025-09-24_14-22-55,25,dsb4updn_median_200_15f,0,264,22,0,0.9230769230769231,1.0,0.9600000000000001,22.25454545454598,7643,264
2025-09-23_15-50-26,28,dsb4updn_median_200_15f,0,123,105,16,0.5394736842105263,0.8848920863309353,0.670299727520436,41.50379403794061,1533,139
2025-09-25_16-41-14,21,dsb4updn_median_200_15f,0,118,135,26,0.466403162055336,0.8194444444444444,0.5944584382871537,44.405367231635914,1827,144
2025-09-24_10-24-40,30,dsb4updn_median_200_15f,0,67,69,25,0.49264705882352944,0.7282608695652174,0.5877192982456142,45.4462686567185,751,92
2025-09-24_15-13-10,14,dsb4updn_median_200_15f,0,83,18,1,0.8217821782178217,0.9880952380952381,0.8972972972972973,33.79196787148582,1233,84
2025-09-24_17-38-17,13,dsb4updn_median_200_15f,0,15,128,0,0.1048951048951049,1.0,0.18987341772151897,42.67777777776876,620,15
2025-09-24_16-29-07,5,dsb4updn_median_200_15f,0,36,248,4,0.1267605633802817,0.9,0.22222222222222224,37.37777777777735,1798,40
2025-09-22_17-55-26,26,dsb4updn_median_200_16b,120,174,131,11,0.5704918032786885,0.9405405405405406,0.710204081632653,20.059961685822646,4746,185
2025-09-24_14-22-55,25,dsb4updn_median_200_16b,120,264,154,0,0.631578947368421,1.0,0.7741935483870968,8.15606060606113,15317,264
2025-09-24_15-13-10,14,dsb4updn_median_200_16b,120,83,41,1,0.6693548387096774,0.9880952380952381,0.798076923076923,17.83694779116493,2782,84
2025-09-24_10-24-40,30,dsb4updn_median_200_16b,120,65,56,27,0.5371900826446281,0.7065217391304348,0.6103286384976525,25.21538461538618,1084,92
2025-09-25_16-41-14,21,dsb4updn_median_200_16b,120,122,153,22,0.44363636363636366,0.8472222222222222,0.5823389021479713,25.208469945352576,3526,144
2025-09-23_15-50-26,28,dsb4updn_median_200_16b,120,128,105,11,0.5493562231759657,0.920863309352518,0.6881720430107527,22.79140625000018,2889,139
2025-09-24_16-29-07,5,dsb4updn_median_200_16b,120,39,275,1,0.12420382165605096,0.975,0.22033898305084748,14.669230769231117,3305,40
2025-09-24_17-38-17,13,dsb4updn_median_200_16b,120,15,116,0,0.11450381679389313,1.0,0.2054794520547945,19.811111111102097,861,15
2025-09-23_15-50-26,28,dsb4updn_median_200_16b,20,123,93,16,0.5694444444444444,0.8848920863309353,0.6929577464788732,22.83685636856498,2830,139
2025-09-24_15-13-10,14,dsb4updn_median_200_16b,20,82,34,2,0.7068965517241379,0.9761904761904762,0.8199999999999998,17.536178861788894,2657,84
2025-09-24_10-24-40,30,dsb4updn_median_200_16b,20,65,61,27,0.5158730158730159,0.7065217391304348,0.5963302752293578,28.917435897438107,1147,92
2025-09-22_17-55-26,26,dsb4updn_median_200_16b,20,173,128,12,0.574750830564784,0.9351351351351351,0.7119341563786008,19.95375722543253,4800,185
2025-09-24_14-22-55,25,dsb4updn_median_200_16b,20,264,140,0,0.6534653465346535,1.0,0.7904191616766467,8.606818181818706,15260,264
2025-09-25_16-41-14,21,dsb4updn_median_200_16b,20,122,141,22,0.46387832699619774,0.8472222222222222,0.5995085995085995,24.429781420761575,3483,144
2025-09-24_17-38-17,13,dsb4updn_median_200_16b,20,15,111,0,0.11904761904761904,1.0,0.21276595744680848,18.14444444443543,862,15
2025-09-24_16-29-07,5,dsb4updn_median_200_16b,20,38,246,2,0.13380281690140844,0.95,0.23456790123456783,13.230701754386066,3361,40
2025-09-24_14-22-55,25,dsb4updn_median_200_16b,2,264,131,0,0.6683544303797468,1.0,0.8012139605462822,8.743181818182343,15085,264
2025-09-22_17-55-26,26,dsb4updn_median_200_16b,2,170,113,15,0.6007067137809188,0.918918918918919,0.7264957264957266,21.506470588234507,4243,185
2025-09-23_15-50-26,28,dsb4updn_median_200_16b,2,123,99,16,0.5540540540540541,0.8848920863309353,0.6814404432132963,23.359349593495867,2834,139
2025-09-25_16-41-14,21,dsb4updn_median_200_16b,2,122,145,22,0.45692883895131087,0.8472222222222222,0.5936739659367397,25.2893442622926,3337,144
2025-09-24_15-13-10,14,dsb4updn_median_200_16b,2,84,41,0,0.672,1.0,0.8038277511961722,17.47182539682555,2804,84
2025-09-24_10-24-40,30,dsb4updn_median_200_16b,2,56,64,36,0.4666666666666667,0.6086956521739131,0.5283018867924527,30.65059523809675,931,92
2025-09-24_17-38-17,13,dsb4updn_median_200_16b,2,15,122,0,0.10948905109489052,1.0,0.19736842105263158,15.877777777768763,1003,15
2025-09-24_16-29-07,5,dsb4updn_median_200_16b,2,38,269,2,0.1237785016286645,0.95,0.2190201729106628,12.154385964912535,3427,40
2025-09-24_15-13-10,14,dsb4updn_median_200_16b,0,84,41,0,0.672,1.0,0.8038277511961722,18.507539682539836,2710,84
2025-09-25_16-41-14,21,dsb4updn_median_200_16b,0,124,158,20,0.4397163120567376,0.8611111111111112,0.5821596244131456,24.35188172042716,3538,144
2025-09-24_14-22-55,25,dsb4updn_median_200_16b,0,264,127,0,0.6751918158567775,1.0,0.8061068702290075,9.652272727273251,14720,264
2025-09-24_10-24-40,30,dsb4updn_median_200_16b,0,68,65,24,0.5112781954887218,0.7391304347826086,0.6044444444444443,26.100490196080074,1102,92
2025-09-23_15-50-26,28,dsb4updn_median_200_16b,0,129,99,10,0.5657894736842105,0.9280575539568345,0.7029972752043596,22.802583979328823,2958,139
2025-09-22_17-55-26,26,dsb4updn_median_200_16b,0,178,155,7,0.5345345345345346,0.9621621621621622,0.6872586872586873,20.958614232209044,5118,185
2025-09-24_17-38-17,13,dsb4updn_median_200_16b,0,15,124,0,0.1079136690647482,1.0,0.1948051948051948,18.34444444443543,900,15
2025-09-24_16-29-07,5,dsb4updn_median_200_16b,0,38,240,2,0.1366906474820144,0.95,0.2389937106918239,13.335964912280803,3111,40
2025-09-24_14-22-55,25,dsb4updn_median_200_9f,120,259,42,5,0.8604651162790697,0.9810606060606061,0.9168141592920354,34.02213642213699,1210,264
2025-09-25_16-41-14,21,dsb4updn_median_200_9f,120,93,45,51,0.6739130434782609,0.6458333333333334,0.6595744680851064,43.55842293906467,324,144
2025-09-23_15-50-26,28,dsb4updn_median_200_9f,120,87,35,52,0.7131147540983607,0.6258992805755396,0.6666666666666666,42.4720306513413,284,139
2025-09-24_15-13-10,14,dsb4updn_median_200_9f,120,75,15,9,0.8333333333333334,0.8928571428571429,0.8620689655172413,35.28399999999984,259,84
2025-09-22_17-55-26,26,dsb4updn_median_200_9f,120,136,36,49,0.7906976744186046,0.7351351351351352,0.7619047619047619,39.339705882353094,456,185
2025-09-24_10-24-40,30,dsb4updn_median_200_9f,120,36,15,56,0.7058823529411765,0.391304347826087,0.5034965034965035,41.272222222227555,114,92
2025-09-24_16-29-07,5,dsb4updn_median_200_9f,120,33,86,7,0.2773109243697479,0.825,0.4150943396226415,39.624242424241956,303,40
2025-09-24_17-38-17,13,dsb4updn_median_200_9f,120,12,44,3,0.21428571428571427,0.8,0.3380281690140845,46.38333333333063,104,15
2025-09-24_15-13-10,14,dsb4updn_median_200_9f,20,73,14,11,0.8390804597701149,0.8690476190476191,0.8538011695906432,36.195433789954734,231,84
2025-09-24_14-22-55,25,dsb4updn_median_200_9f,20,255,35,9,0.8793103448275862,0.9659090909090909,0.9205776173285198,34.40941176470653,1186,264
2025-09-22_17-55-26,26,dsb4updn_median_200_9f,20,131,44,54,0.7485714285714286,0.7081081081081081,0.7277777777777776,39.75979643765882,456,185
2025-09-23_15-50-26,28,dsb4updn_median_200_9f,20,77,34,62,0.6936936936936937,0.5539568345323741,0.616,40.80303030302913,237,139
2025-09-24_10-24-40,30,dsb4updn_median_200_9f,20,38,15,54,0.7169811320754716,0.41304347826086957,0.5241379310344828,42.256140350880166,106,92
2025-09-25_16-41-14,21,dsb4updn_median_200_9f,20,82,45,62,0.6456692913385826,0.5694444444444444,0.6051660516605165,43.10325203251971,317,144
2025-09-24_17-38-17,13,dsb4updn_median_200_9f,20,14,39,1,0.2641509433962264,0.9333333333333333,0.411764705882353,44.7642857142755,103,15
2025-09-24_16-29-07,5,dsb4updn_median_200_9f,20,36,116,4,0.23684210526315788,0.9,0.375,38.73981481481498,367,40
2025-09-25_16-41-14,21,dsb4updn_median_200_9f,2,86,49,58,0.6370370370370371,0.5972222222222222,0.6164874551971327,44.57248062015272,318,144
2025-09-24_14-22-55,25,dsb4updn_median_200_9f,2,255,35,9,0.8793103448275862,0.9659090909090909,0.9205776173285198,34.16183006536008,1177,264
2025-09-22_17-55-26,26,dsb4updn_median_200_9f,2,128,30,57,0.810126582278481,0.6918918918918919,0.7463556851311954,41.411979166665944,354,185
2025-09-24_10-24-40,30,dsb4updn_median_200_9f,2,34,16,58,0.68,0.3695652173913043,0.4788732394366197,45.17745098039621,90,92
2025-09-24_15-13-10,14,dsb4updn_median_200_9f,2,70,14,14,0.8333333333333334,0.8333333333333334,0.8333333333333334,35.05809523809528,256,84
2025-09-23_15-50-26,28,dsb4updn_median_200_9f,2,79,30,60,0.7247706422018348,0.5683453237410072,0.6370967741935485,43.25232067510731,250,139
2025-09-24_17-38-17,13,dsb4updn_median_200_9f,2,9,44,6,0.16981132075471697,0.6,0.2647058823529412,43.19259259258828,113,15
2025-09-24_16-29-07,5,dsb4updn_median_200_9f,2,33,114,7,0.22448979591836735,0.825,0.35294117647058826,32.37878787878723,353,40
2025-09-24_10-24-40,30,dsb4updn_median_200_9f,0,40,20,52,0.6666666666666666,0.43478260869565216,0.5263157894736841,44.11833333333561,107,92
2025-09-25_16-41-14,21,dsb4updn_median_200_9f,0,92,38,52,0.7076923076923077,0.6388888888888888,0.6715328467153284,44.6663043478239,318,144
2025-09-23_15-50-26,28,dsb4updn_median_200_9f,0,92,33,47,0.736,0.6618705035971223,0.6969696969696969,41.99021739130518,293,139
2025-09-24_14-22-55,25,dsb4updn_median_200_9f,0,260,32,4,0.8904109589041096,0.9848484848484849,0.935251798561151,34.35256410256472,1193,264
2025-09-24_15-13-10,14,dsb4updn_median_200_9f,0,75,16,9,0.8241758241758241,0.8928571428571429,0.8571428571428571,34.943111111110774,261,84
2025-09-22_17-55-26,26,dsb4updn_median_200_9f,0,127,52,58,0.7094972067039106,0.6864864864864865,0.6978021978021978,38.931233595800336,456,185
2025-09-24_17-38-17,13,dsb4updn_median_200_9f,0,13,45,2,0.22413793103448276,0.8666666666666667,0.35616438356164387,41.410256410249744,108,15
2025-09-24_16-29-07,5,dsb4updn_median_200_9f,0,31,90,9,0.256198347107438,0.775,0.38509316770186336,41.22795698924706,316,40
2025-09-22_17-55-26,26,updnb4ds_100_13b,120,154,68,31,0.6936936936936937,0.8324324324324325,0.7567567567567568,39.35692640692628,1087,185
2025-09-24_10-24-40,30,updnb4ds_100_13b,120,50,28,42,0.6410256410256411,0.5434782608695652,0.5882352941176471,45.8353333333366,254,92
2025-09-24_14-22-55,25,updnb4ds_100_13b,120,264,66,0,0.8,1.0,0.888888888888889,20.640909090909616,8015,264
2025-09-24_15-13-10,14,updnb4ds_100_13b,120,80,16,4,0.8333333333333334,0.9523809523809523,0.888888888888889,29.560000000000038,1042,84
2025-09-23_15-50-26,28,updnb4ds_100_13b,120,111,49,28,0.69375,0.7985611510791367,0.7424749163879598,40.86666666666682,715,139
2025-09-25_16-41-14,21,updnb4ds_100_13b,120,113,87,31,0.565,0.7847222222222222,0.6569767441860465,43.007669616516615,860,144
2025-09-24_16-29-07,5,updnb4ds_100_13b,120,37,155,3,0.19270833333333334,0.925,0.3189655172413794,37.22252252252284,710,40
2025-09-24_17-38-17,13,updnb4ds_100_13b,120,14,46,1,0.23333333333333334,0.9333333333333333,0.37333333333333335,41.676190476184146,161,15
2025-09-22_17-55-26,26,updnb4ds_100_13b,20,149,66,36,0.6930232558139535,0.8054054054054054,0.745,37.70715883668921,1180,185
2025-09-24_14-22-55,25,updnb4ds_100_13b,20,264,51,0,0.8380952380952381,1.0,0.9119170984455958,20.57651515151568,8230,264
2025-09-24_10-24-40,30,updnb4ds_100_13b,20,52,40,40,0.5652173913043478,0.5652173913043478,0.5652173913043478,45.85384615384996,266,92
2025-09-25_16-41-14,21,updnb4ds_100_13b,20,109,83,35,0.5677083333333334,0.7569444444444444,0.648809523809524,44.094495412840594,817,144
2025-09-24_15-13-10,14,updnb4ds_100_13b,20,79,15,5,0.8404255319148937,0.9404761904761905,0.8876404494382023,31.519831223628543,999,84
2025-09-23_15-50-26,28,updnb4ds_100_13b,20,106,50,33,0.6794871794871795,0.762589928057554,0.7186440677966103,42.36383647798842,642,139
2025-09-24_17-38-17,13,updnb4ds_100_13b,20,12,57,3,0.17391304347826086,0.8,0.2857142857142857,37.727777777770676,175,15
2025-09-24_16-29-07,5,updnb4ds_100_13b,20,38,144,2,0.2087912087912088,0.95,0.34234234234234234,38.94122807017554,729,40
2025-09-23_15-50-26,28,updnb4ds_100_13b,2,104,39,35,0.7272727272727273,0.7482014388489209,0.7375886524822695,41.61666666666663,606,139
2025-09-24_14-22-55,25,updnb4ds_100_13b,2,264,51,0,0.8380952380952381,1.0,0.9119170984455958,21.220454545455073,7890,264
2025-09-24_10-24-40,30,updnb4ds_100_13b,2,38,28,54,0.5757575757575758,0.41304347826086957,0.48101265822784817,47.14561403509115,157,92
2025-09-22_17-55-26,26,updnb4ds_100_13b,2,140,41,45,0.7734806629834254,0.7567567567567568,0.7650273224043715,38.61380952380929,956,185
2025-09-24_15-13-10,14,updnb4ds_100_13b,2,80,16,4,0.8333333333333334,0.9523809523809523,0.888888888888889,29.660000000000217,1070,84
2025-09-25_16-41-14,21,updnb4ds_100_13b,2,108,73,36,0.5966850828729282,0.75,0.6646153846153846,42.87685185184954,878,144
2025-09-24_17-38-17,13,updnb4ds_100_13b,2,12,58,3,0.17142857142857143,0.8,0.2823529411764706,39.022222222215305,238,15
2025-09-24_16-29-07,5,updnb4ds_100_13b,2,34,142,6,0.19318181818181818,0.85,0.31481481481481477,31.797058823528097,762,40
2025-09-23_15-50-26,28,updnb4ds_100_13b,0,112,52,27,0.6829268292682927,0.8057553956834532,0.7392739273927392,40.87738095238175,733,139
2025-09-25_16-41-14,21,updnb4ds_100_13b,0,104,75,40,0.5810055865921788,0.7222222222222222,0.6439628482972137,41.63685897435649,831,144
2025-09-24_15-13-10,14,updnb4ds_100_13b,0,81,17,3,0.826530612244898,0.9642857142857143,0.8901098901098902,30.588888888889212,1032,84
2025-09-22_17-55-26,26,updnb4ds_100_13b,0,153,82,32,0.6510638297872341,0.827027027027027,0.7285714285714285,36.59978213507605,1192,185
2025-09-24_14-22-55,25,updnb4ds_100_13b,0,264,57,0,0.822429906542056,1.0,0.9025641025641025,21.735606060606585,7673,264
2025-09-24_10-24-40,30,updnb4ds_100_13b,0,49,26,43,0.6533333333333333,0.532608695652174,0.5868263473053893,44.04285714285889,223,92
2025-09-24_16-29-07,5,updnb4ds_100_13b,0,36,150,4,0.1935483870967742,0.9,0.3185840707964602,36.52777777777799,780,40
2025-09-24_17-38-17,13,updnb4ds_100_13b,0,14,55,1,0.2028985507246377,0.9333333333333333,0.33333333333333337,45.10476190475557,171,15
2025-09-22_17-55-26,26,updnb4ds_100_13f,120,153,68,32,0.6923076923076923,0.827027027027027,0.7536945812807881,38.86013071895392,1088,185
2025-09-25_16-41-14,21,updnb4ds_100_13f,120,111,84,33,0.5692307692307692,0.7708333333333334,0.6548672566371682,42.188888888886204,848,144
2025-09-24_15-13-10,14,updnb4ds_100_13f,120,80,15,4,0.8421052631578947,0.9523809523809523,0.8938547486033519,29.510000000000037,1039,84
2025-09-23_15-50-26,28,updnb4ds_100_13f,120,112,47,27,0.7044025157232704,0.8057553956834532,0.7516778523489932,41.32499999999974,699,139
2025-09-24_14-22-55,25,updnb4ds_100_13f,120,264,65,0,0.8024316109422492,1.0,0.8903878583473862,20.65984848484901,8096,264
2025-09-24_10-24-40,30,updnb4ds_100_13f,120,49,28,43,0.6363636363636364,0.532608695652174,0.5798816568047338,45.68231292517321,245,92
2025-09-24_17-38-17,13,updnb4ds_100_13f,120,14,43,1,0.24561403508771928,0.9333333333333333,0.38888888888888884,43.60476190475557,153,15
2025-09-24_16-29-07,5,updnb4ds_100_13f,120,37,150,3,0.19786096256684493,0.925,0.32599118942731276,37.30360360360392,699,40
2025-09-24_14-22-55,25,updnb4ds_100_13f,20,264,52,0,0.8354430379746836,1.0,0.9103448275862069,20.57651515151568,8287,264
2025-09-25_16-41-14,21,updnb4ds_100_13f,20,109,79,35,0.5797872340425532,0.7569444444444444,0.6566265060240963,44.34220183485894,806,144
2025-09-24_15-13-10,14,updnb4ds_100_13f,20,79,13,5,0.8586956521739131,0.9404761904761905,0.8977272727272727,31.342616033755125,992,84
2025-09-24_10-24-40,30,updnb4ds_100_13f,20,51,35,41,0.5930232558139535,0.5543478260869565,0.5730337078651685,45.746405228761574,257,92
2025-09-22_17-55-26,26,updnb4ds_100_13f,20,148,65,37,0.6948356807511737,0.8,0.7437185929648242,37.86869369369394,1178,185
2025-09-23_15-50-26,28,updnb4ds_100_13f,20,106,48,33,0.6883116883116883,0.762589928057554,0.7235494880546075,42.51477987421484,631,139
2025-09-24_16-29-07,5,updnb4ds_100_13f,20,38,140,2,0.21348314606741572,0.95,0.34862385321100914,40.1780701754387,718,40
2025-09-24_17-38-17,13,updnb4ds_100_13f,20,12,53,3,0.18461538461538463,0.8,0.3,37.727777777770676,169,15
2025-09-24_14-22-55,25,updnb4ds_100_13f,2,264,51,0,0.8380952380952381,1.0,0.9119170984455958,21.080303030303558,7952,264
2025-09-24_10-24-40,30,updnb4ds_100_13f,2,35,24,57,0.5932203389830508,0.3804347826086957,0.4635761589403974,45.551428571431565,152,92
2025-09-22_17-55-26,26,updnb4ds_100_13f,2,139,40,46,0.776536312849162,0.7513513513513513,0.7637362637362637,38.835251798561046,945,185
2025-09-23_15-50-26,28,updnb4ds_100_13f,2,103,39,36,0.7253521126760564,0.7410071942446043,0.7330960854092526,42.327184466019375,589,139
2025-09-24_15-13-10,14,updnb4ds_100_13f,2,80,13,4,0.8602150537634409,0.9523809523809523,0.903954802259887,29.94750000000022,1058,84
2025-09-25_16-41-14,21,updnb4ds_100_13f,2,108,72,36,0.6,0.75,0.6666666666666665,42.450925925923606,879,144
2025-09-24_17-38-17,13,updnb4ds_100_13f,2,12,55,3,0.1791044776119403,0.8,0.29268292682926833,39.022222222215305,228,15
2025-09-24_16-29-07,5,updnb4ds_100_13f,2,34,140,6,0.19540229885057472,0.85,0.31775700934579443,33.82647058823398,759,40
2025-09-22_17-55-26,26,updnb4ds_100_13f,0,153,81,32,0.6538461538461539,0.827027027027027,0.730310262529833,36.9283224400873,1176,185
2025-09-25_16-41-14,21,updnb4ds_100_13f,0,103,72,41,0.5885714285714285,0.7152777777777778,0.64576802507837,41.244336569576795,814,144
2025-09-24_14-22-55,25,updnb4ds_100_13f,0,264,57,0,0.822429906542056,1.0,0.9025641025641025,21.769696969697495,7739,264
2025-09-24_10-24-40,30,updnb4ds_100_13f,0,49,25,43,0.6621621621621622,0.532608695652174,0.5903614457831325,45.297959183675225,211,92
2025-09-24_15-13-10,14,updnb4ds_100_13f,0,81,16,3,0.8350515463917526,0.9642857142857143,0.8950276243093923,30.51481481481514,1024,84
2025-09-23_15-50-26,28,updnb4ds_100_13f,0,112,49,27,0.6956521739130435,0.8057553956834532,0.7466666666666668,40.88035714285776,723,139
2025-09-24_17-38-17,13,updnb4ds_100_13f,0,14,52,1,0.21212121212121213,0.9333333333333333,0.345679012345679,45.10476190475557,163,15
2025-09-24_16-29-07,5,updnb4ds_100_13f,0,36,147,4,0.19672131147540983,0.9,0.3228699551569506,35.472222222222435,772,40
2025-09-24_10-24-40,30,updnb4ds_100_7,120,54,45,38,0.5454545454545454,0.5869565217391305,0.5654450261780105,30.491358024692023,567,92
2025-09-23_15-50-26,28,updnb4ds_100_7,120,113,63,26,0.6420454545454546,0.8129496402877698,0.7174603174603176,28.029793510324936,1594,139
2025-09-24_14-22-55,25,updnb4ds_100_7,120,264,58,0,0.8198757763975155,1.0,0.9010238907849829,12.826515151515677,9640,264
2025-09-25_16-41-14,21,updnb4ds_100_7,120,109,92,35,0.5422885572139303,0.7569444444444444,0.6318840579710144,28.825993883788907,2176,144
2025-09-22_17-55-26,26,updnb4ds_100_7,120,165,66,20,0.7142857142857143,0.8918918918918919,0.7932692307692308,25.730909090908543,3072,185
2025-09-24_15-13-10,14,updnb4ds_100_7,120,83,19,1,0.8137254901960784,0.9880952380952381,0.8924731182795699,20.824899598393845,1586,84
2025-09-24_16-29-07,5,updnb4ds_100_7,120,36,162,4,0.18181818181818182,0.9,0.3025210084033613,21.16574074074036,1716,40
2025-09-24_17-38-17,13,updnb4ds_100_7,120,15,72,0,0.1724137931034483,1.0,0.29411764705882354,22.477777777768765,395,15
2025-09-22_17-55-26,26,updnb4ds_100_7,20,155,73,30,0.6798245614035088,0.8378378378378378,0.7506053268765133,24.395053763440526,3138,185
2025-09-24_14-22-55,25,updnb4ds_100_7,20,264,45,0,0.8543689320388349,1.0,0.9214659685863874,12.712878787879312,9583,264
2025-09-25_16-41-14,21,updnb4ds_100_7,20,106,96,38,0.5247524752475248,0.7361111111111112,0.6127167630057804,29.96918238993426,2050,144
2025-09-24_10-24-40,30,updnb4ds_100_7,20,53,38,39,0.5824175824175825,0.5760869565217391,0.5792349726775957,31.103773584906484,616,92
2025-09-24_15-13-10,14,updnb4ds_100_7,20,81,14,3,0.8526315789473684,0.9642857142857143,0.9050279329608938,21.924691358024983,1479,84
2025-09-23_15-50-26,28,updnb4ds_100_7,20,110,59,29,0.650887573964497,0.7913669064748201,0.7142857142857143,28.06606060606168,1582,139
2025-09-24_16-29-07,5,updnb4ds_100_7,20,36,192,4,0.15789473684210525,0.9,0.26865671641791045,20.999074074073697,1846,40
2025-09-24_17-38-17,13,updnb4ds_100_7,20,15,70,0,0.17647058823529413,1.0,0.3,22.54444444443543,445,15
2025-09-25_16-41-14,21,updnb4ds_100_7,2,107,84,37,0.5602094240837696,0.7430555555555556,0.6388059701492537,28.933333333330904,1911,144
2025-09-24_14-22-55,25,updnb4ds_100_7,2,264,44,0,0.8571428571428571,1.0,0.923076923076923,13.349242424242949,9418,264
2025-09-23_15-50-26,28,updnb4ds_100_7,2,100,47,39,0.6802721088435374,0.7194244604316546,0.6993006993006994,28.235333333333966,1420,139
2025-09-24_10-24-40,30,updnb4ds_100_7,2,46,32,46,0.5897435897435898,0.5,0.5411764705882353,36.125362318842235,460,92
2025-09-24_15-13-10,14,updnb4ds_100_7,2,80,12,4,0.8695652173913043,0.9523809523809523,0.909090909090909,20.46166666666668,1559,84
2025-09-22_17-55-26,26,updnb4ds_100_7,2,151,47,34,0.7626262626262627,0.8162162162162162,0.7885117493472585,25.058498896246284,2619,185
2025-09-24_16-29-07,5,updnb4ds_100_7,2,34,159,6,0.17616580310880828,0.85,0.2918454935622317,17.120588235292804,1886,40
2025-09-24_17-38-17,13,updnb4ds_100_7,2,14,70,1,0.16666666666666666,0.9333333333333333,0.2828282828282828,24.169047619037947,469,15
2025-09-23_15-50-26,28,updnb4ds_100_7,0,119,59,20,0.6685393258426966,0.8561151079136691,0.750788643533123,27.38039215686386,1671,139
2025-09-24_14-22-55,25,updnb4ds_100_7,0,264,50,0,0.8407643312101911,1.0,0.9134948096885813,13.94393939393992,9177,264
2025-09-25_16-41-14,21,updnb4ds_100_7,0,106,83,38,0.5608465608465608,0.7361111111111112,0.6366366366366366,29.144025157230335,2125,144
2025-09-24_15-13-10,14,updnb4ds_100_7,0,81,17,3,0.826530612244898,0.9642857142857143,0.8901098901098902,20.84238683127595,1568,84
2025-09-24_10-24-40,30,updnb4ds_100_7,0,55,43,37,0.5612244897959183,0.5978260869565217,0.5789473684210525,34.8618181818194,535,92
2025-09-22_17-55-26,26,updnb4ds_100_7,0,166,91,19,0.6459143968871596,0.8972972972972973,0.7511312217194571,24.586345381525234,3328,185
2025-09-24_17-38-17,13,updnb4ds_100_7,0,15,79,0,0.1595744680851064,1.0,0.27522935779816515,24.477777777768765,432,15
2025-09-24_16-29-07,5,updnb4ds_100_7,0,35,155,5,0.18421052631578946,0.875,0.30434782608695654,19.963809523809022,1720,40
