Network,Dataset,Channel,TP,FP,FN,Precision,Recall,F1
dsb4updn_median_200_15f,Amigo2_2019-07-11_11-57-07,0,215,786,9,0.21478521478521478,0.9598214285714286,0.3510204081632653
dsb4updn_median_200_15f,Amigo2_2019-07-11_11-57-07,1,203,480,21,0.2972181551976574,0.90625,0.44762954796030874
dsb4updn_median_200_15f,Amigo2_2019-07-11_11-57-07,2,183,259,41,0.41402714932126694,0.8169642857142857,0.5495495495495495
dsb4updn_median_200_15f,Amigo2_2019-07-11_11-57-07,3,146,112,78,0.5658914728682171,0.6517857142857143,0.6058091286307054
dsb4updn_median_200_15f,Amigo2_2019-07-11_11-57-07,4,142,178,82,0.44375,0.6339285714285714,0.5220588235294118
dsb4updn_median_200_15f,Amigo2_2019-07-11_11-57-07,5,117,136,107,0.4624505928853755,0.5223214285714286,0.49056603773584906
dsb4updn_median_200_15f,Amigo2_2019-07-11_11-57-07,6,113,178,111,0.38831615120274915,0.5044642857142857,0.43883495145631063
dsb4updn_median_200_15f,Amigo2_2019-07-11_11-57-07,7,100,181,124,0.35587188612099646,0.44642857142857145,0.39603960396039606
dsb4updn_median_200_15f,Dlx1_2021-02-12_12-46-54,0,24,59,7,0.2891566265060241,0.7741935483870968,0.4210526315789473
dsb4updn_median_200_15f,Dlx1_2021-02-12_12-46-54,1,27,62,4,0.30337078651685395,0.8709677419354839,0.45000000000000007
dsb4updn_median_200_15f,Dlx1_2021-02-12_12-46-54,2,26,60,5,0.3023255813953488,0.8387096774193549,0.44444444444444436
dsb4updn_median_200_15f,Dlx1_2021-02-12_12-46-54,3,25,42,6,0.373134328358209,0.8064516129032258,0.5102040816326532
dsb4updn_median_200_15f,Dlx1_2021-02-12_12-46-54,4,25,54,6,0.31645569620253167,0.8064516129032258,0.4545454545454545
dsb4updn_median_200_15f,Dlx1_2021-02-12_12-46-54,5,23,32,8,0.41818181818181815,0.7419354838709677,0.5348837209302325
dsb4updn_median_200_15f,Dlx1_2021-02-12_12-46-54,6,24,30,7,0.4444444444444444,0.7741935483870968,0.5647058823529412
dsb4updn_median_200_15f,Dlx1_2021-02-12_12-46-54,7,20,23,11,0.46511627906976744,0.6451612903225806,0.5405405405405406
dsb4updn_median_200_15f,Som2_2019-07-24_12-01-49,0,54,88,10,0.38028169014084506,0.84375,0.5242718446601942
dsb4updn_median_200_15f,Som2_2019-07-24_12-01-49,1,56,120,8,0.3181818181818182,0.875,0.4666666666666667
dsb4updn_median_200_15f,Som2_2019-07-24_12-01-49,2,55,89,9,0.3819444444444444,0.859375,0.5288461538461539
dsb4updn_median_200_15f,Som2_2019-07-24_12-01-49,3,53,83,11,0.3897058823529412,0.828125,0.53
dsb4updn_median_200_15f,Som2_2019-07-24_12-01-49,4,52,73,12,0.416,0.8125,0.5502645502645502
dsb4updn_median_200_15f,Som2_2019-07-24_12-01-49,5,51,80,13,0.3893129770992366,0.796875,0.5230769230769231
dsb4updn_median_200_15f,Som2_2019-07-24_12-01-49,6,46,74,18,0.38333333333333336,0.71875,0.5
dsb4updn_median_200_15f,Som2_2019-07-24_12-01-49,7,41,77,23,0.3474576271186441,0.640625,0.4505494505494506
dsb4updn_median_200_15f,Thy7_2020-11-11_16-05-00,0,114,47,25,0.7080745341614907,0.8201438848920863,0.76
dsb4updn_median_200_15f,Thy7_2020-11-11_16-05-00,1,108,30,31,0.782608695652174,0.7769784172661871,0.7797833935018053
dsb4updn_median_200_15f,Thy7_2020-11-11_16-05-00,2,112,31,27,0.7832167832167832,0.8057553956834532,0.7943262411347518
dsb4updn_median_200_15f,Thy7_2020-11-11_16-05-00,3,96,18,43,0.8421052631578947,0.6906474820143885,0.758893280632411
dsb4updn_median_200_15f,Thy7_2020-11-11_16-05-00,4,79,13,60,0.8586956521739131,0.5683453237410072,0.683982683982684
dsb4updn_median_200_15f,Thy7_2020-11-11_16-05-00,5,59,15,80,0.7972972972972973,0.4244604316546763,0.5539906103286385
dsb4updn_median_200_15f,Thy7_2020-11-11_16-05-00,6,49,6,90,0.8909090909090909,0.35251798561151076,0.5051546391752577
dsb4updn_median_200_15f,Thy7_2020-11-11_16-05-00,7,26,10,113,0.7222222222222222,0.18705035971223022,0.29714285714285715
dsb4updn_median_200_11b,Amigo2_2019-07-11_11-57-07,0,215,762,9,0.22006141248720573,0.9598214285714286,0.35803497085761865
dsb4updn_median_200_11b,Amigo2_2019-07-11_11-57-07,1,201,461,23,0.30362537764350456,0.8973214285714286,0.45372460496614003
dsb4updn_median_200_11b,Amigo2_2019-07-11_11-57-07,2,184,234,40,0.44019138755980863,0.8214285714285714,0.573208722741433
dsb4updn_median_200_11b,Amigo2_2019-07-11_11-57-07,3,144,102,80,0.5853658536585366,0.6428571428571429,0.6127659574468085
dsb4updn_median_200_11b,Amigo2_2019-07-11_11-57-07,4,145,162,79,0.4723127035830619,0.6473214285714286,0.5461393596986818
dsb4updn_median_200_11b,Amigo2_2019-07-11_11-57-07,5,114,124,110,0.4789915966386555,0.5089285714285714,0.49350649350649345
dsb4updn_median_200_11b,Amigo2_2019-07-11_11-57-07,6,111,163,113,0.4051094890510949,0.4955357142857143,0.4457831325301205
dsb4updn_median_200_11b,Amigo2_2019-07-11_11-57-07,7,95,162,129,0.36964980544747084,0.42410714285714285,0.39501039501039503
dsb4updn_median_200_11b,Dlx1_2021-02-12_12-46-54,0,24,60,7,0.2857142857142857,0.7741935483870968,0.417391304347826
dsb4updn_median_200_11b,Dlx1_2021-02-12_12-46-54,1,25,60,6,0.29411764705882354,0.8064516129032258,0.43103448275862066
dsb4updn_median_200_11b,Dlx1_2021-02-12_12-46-54,2,25,56,6,0.30864197530864196,0.8064516129032258,0.4464285714285714
dsb4updn_median_200_11b,Dlx1_2021-02-12_12-46-54,3,25,35,6,0.4166666666666667,0.8064516129032258,0.5494505494505494
dsb4updn_median_200_11b,Dlx1_2021-02-12_12-46-54,4,26,47,5,0.3561643835616438,0.8387096774193549,0.5
dsb4updn_median_200_11b,Dlx1_2021-02-12_12-46-54,5,22,30,9,0.4230769230769231,0.7096774193548387,0.5301204819277108
dsb4updn_median_200_11b,Dlx1_2021-02-12_12-46-54,6,25,25,6,0.5,0.8064516129032258,0.6172839506172839
dsb4updn_median_200_11b,Dlx1_2021-02-12_12-46-54,7,18,17,13,0.5142857142857142,0.5806451612903226,0.5454545454545455
dsb4updn_median_200_11b,Som2_2019-07-24_12-01-49,0,51,83,13,0.3805970149253731,0.796875,0.515151515151515
dsb4updn_median_200_11b,Som2_2019-07-24_12-01-49,1,56,114,8,0.32941176470588235,0.875,0.4786324786324786
dsb4updn_median_200_11b,Som2_2019-07-24_12-01-49,2,55,73,9,0.4296875,0.859375,0.5729166666666666
dsb4updn_median_200_11b,Som2_2019-07-24_12-01-49,3,52,70,12,0.4262295081967213,0.8125,0.5591397849462365
dsb4updn_median_200_11b,Som2_2019-07-24_12-01-49,4,53,62,11,0.4608695652173913,0.828125,0.5921787709497207
dsb4updn_median_200_11b,Som2_2019-07-24_12-01-49,5,49,62,15,0.44144144144144143,0.765625,0.56
dsb4updn_median_200_11b,Som2_2019-07-24_12-01-49,6,48,63,16,0.43243243243243246,0.75,0.5485714285714286
dsb4updn_median_200_11b,Som2_2019-07-24_12-01-49,7,43,59,21,0.4215686274509804,0.671875,0.5180722891566265
dsb4updn_median_200_11b,Thy7_2020-11-11_16-05-00,0,116,43,23,0.7295597484276729,0.8345323741007195,0.7785234899328859
dsb4updn_median_200_11b,Thy7_2020-11-11_16-05-00,1,107,30,32,0.781021897810219,0.7697841726618705,0.7753623188405797
dsb4updn_median_200_11b,Thy7_2020-11-11_16-05-00,2,108,29,31,0.7883211678832117,0.7769784172661871,0.782608695652174
dsb4updn_median_200_11b,Thy7_2020-11-11_16-05-00,3,93,13,46,0.8773584905660378,0.6690647482014388,0.7591836734693876
dsb4updn_median_200_11b,Thy7_2020-11-11_16-05-00,4,78,10,61,0.8863636363636364,0.5611510791366906,0.6872246696035241
dsb4updn_median_200_11b,Thy7_2020-11-11_16-05-00,5,56,10,83,0.8484848484848485,0.4028776978417266,0.5463414634146342
dsb4updn_median_200_11b,Thy7_2020-11-11_16-05-00,6,47,6,92,0.8867924528301887,0.3381294964028777,0.4895833333333333
dsb4updn_median_200_11b,Thy7_2020-11-11_16-05-00,7,25,7,114,0.78125,0.17985611510791366,0.29239766081871343
dsb4updn_median_200_13f,Amigo2_2019-07-11_11-57-07,0,210,683,14,0.23516237402015677,0.9375,0.37600716204118173
dsb4updn_median_200_13f,Amigo2_2019-07-11_11-57-07,1,194,410,30,0.3211920529801324,0.8660714285714286,0.4685990338164251
dsb4updn_median_200_13f,Amigo2_2019-07-11_11-57-07,2,173,206,51,0.45646437994722955,0.7723214285714286,0.5737976782752903
dsb4updn_median_200_13f,Amigo2_2019-07-11_11-57-07,3,136,91,88,0.5991189427312775,0.6071428571428571,0.6031042128603105
dsb4updn_median_200_13f,Amigo2_2019-07-11_11-57-07,4,122,143,102,0.46037735849056605,0.5446428571428571,0.4989775051124744
dsb4updn_median_200_13f,Amigo2_2019-07-11_11-57-07,5,111,95,113,0.5388349514563107,0.4955357142857143,0.5162790697674418
dsb4updn_median_200_13f,Amigo2_2019-07-11_11-57-07,6,94,137,130,0.4069264069264069,0.41964285714285715,0.41318681318681316
dsb4updn_median_200_13f,Amigo2_2019-07-11_11-57-07,7,82,133,142,0.3813953488372093,0.36607142857142855,0.3735763097949886
dsb4updn_median_200_13f,Dlx1_2021-02-12_12-46-54,0,23,45,8,0.3382352941176471,0.7419354838709677,0.46464646464646475
dsb4updn_median_200_13f,Dlx1_2021-02-12_12-46-54,1,26,48,5,0.35135135135135137,0.8387096774193549,0.4952380952380952
dsb4updn_median_200_13f,Dlx1_2021-02-12_12-46-54,2,25,46,6,0.352112676056338,0.8064516129032258,0.49019607843137253
dsb4updn_median_200_13f,Dlx1_2021-02-12_12-46-54,3,25,39,6,0.390625,0.8064516129032258,0.5263157894736842
dsb4updn_median_200_13f,Dlx1_2021-02-12_12-46-54,4,26,47,5,0.3561643835616438,0.8387096774193549,0.5
dsb4updn_median_200_13f,Dlx1_2021-02-12_12-46-54,5,22,26,9,0.4583333333333333,0.7096774193548387,0.5569620253164557
dsb4updn_median_200_13f,Dlx1_2021-02-12_12-46-54,6,25,20,6,0.5555555555555556,0.8064516129032258,0.6578947368421053
dsb4updn_median_200_13f,Dlx1_2021-02-12_12-46-54,7,16,12,15,0.5714285714285714,0.5161290322580645,0.5423728813559322
dsb4updn_median_200_13f,Som2_2019-07-24_12-01-49,0,50,69,14,0.42016806722689076,0.78125,0.5464480874316939
dsb4updn_median_200_13f,Som2_2019-07-24_12-01-49,1,55,96,9,0.36423841059602646,0.859375,0.5116279069767442
dsb4updn_median_200_13f,Som2_2019-07-24_12-01-49,2,54,58,10,0.48214285714285715,0.84375,0.6136363636363635
dsb4updn_median_200_13f,Som2_2019-07-24_12-01-49,3,53,56,11,0.48623853211009177,0.828125,0.6127167630057804
dsb4updn_median_200_13f,Som2_2019-07-24_12-01-49,4,51,58,13,0.46788990825688076,0.796875,0.5895953757225434
dsb4updn_median_200_13f,Som2_2019-07-24_12-01-49,5,47,50,17,0.4845360824742268,0.734375,0.5838509316770186
dsb4updn_median_200_13f,Som2_2019-07-24_12-01-49,6,44,58,20,0.43137254901960786,0.6875,0.5301204819277109
dsb4updn_median_200_13f,Som2_2019-07-24_12-01-49,7,39,48,25,0.4482758620689655,0.609375,0.5165562913907285
dsb4updn_median_200_13f,Thy7_2020-11-11_16-05-00,0,108,41,31,0.7248322147651006,0.7769784172661871,0.75
dsb4updn_median_200_13f,Thy7_2020-11-11_16-05-00,1,104,22,35,0.8253968253968254,0.7482014388489209,0.7849056603773585
dsb4updn_median_200_13f,Thy7_2020-11-11_16-05-00,2,104,23,35,0.8188976377952756,0.7482014388489209,0.7819548872180451
dsb4updn_median_200_13f,Thy7_2020-11-11_16-05-00,3,90,12,49,0.8823529411764706,0.6474820143884892,0.7468879668049792
dsb4updn_median_200_13f,Thy7_2020-11-11_16-05-00,4,76,10,63,0.8837209302325582,0.5467625899280576,0.6755555555555556
dsb4updn_median_200_13f,Thy7_2020-11-11_16-05-00,5,54,12,85,0.8181818181818182,0.38848920863309355,0.5268292682926831
dsb4updn_median_200_13f,Thy7_2020-11-11_16-05-00,6,47,6,92,0.8867924528301887,0.3381294964028777,0.4895833333333333
dsb4updn_median_200_13f,Thy7_2020-11-11_16-05-00,7,22,8,117,0.7333333333333333,0.15827338129496402,0.26035502958579876
dsb4updn_median_200_9f,Amigo2_2019-07-11_11-57-07,0,186,379,38,0.3292035398230089,0.8303571428571429,0.4714828897338402
dsb4updn_median_200_9f,Amigo2_2019-07-11_11-57-07,1,167,225,57,0.4260204081632653,0.7455357142857143,0.5422077922077922
dsb4updn_median_200_9f,Amigo2_2019-07-11_11-57-07,2,128,97,96,0.5688888888888889,0.5714285714285714,0.5701559020044544
dsb4updn_median_200_9f,Amigo2_2019-07-11_11-57-07,3,102,51,122,0.6666666666666666,0.45535714285714285,0.5411140583554376
dsb4updn_median_200_9f,Amigo2_2019-07-11_11-57-07,4,95,86,129,0.5248618784530387,0.42410714285714285,0.4691358024691358
dsb4updn_median_200_9f,Amigo2_2019-07-11_11-57-07,5,71,46,153,0.6068376068376068,0.3169642857142857,0.4164222873900293
dsb4updn_median_200_9f,Amigo2_2019-07-11_11-57-07,6,52,64,172,0.4482758620689655,0.23214285714285715,0.3058823529411765
dsb4updn_median_200_9f,Amigo2_2019-07-11_11-57-07,7,49,80,175,0.3798449612403101,0.21875,0.2776203966005666
dsb4updn_median_200_9f,Dlx1_2021-02-12_12-46-54,0,14,12,17,0.5384615384615384,0.45161290322580644,0.4912280701754386
dsb4updn_median_200_9f,Dlx1_2021-02-12_12-46-54,1,20,19,11,0.5128205128205128,0.6451612903225806,0.5714285714285714
dsb4updn_median_200_9f,Dlx1_2021-02-12_12-46-54,2,22,29,9,0.43137254901960786,0.7096774193548387,0.5365853658536586
dsb4updn_median_200_9f,Dlx1_2021-02-12_12-46-54,3,21,14,10,0.6,0.6774193548387096,0.6363636363636364
dsb4updn_median_200_9f,Dlx1_2021-02-12_12-46-54,4,22,19,9,0.5365853658536586,0.7096774193548387,0.6111111111111112
dsb4updn_median_200_9f,Dlx1_2021-02-12_12-46-54,5,13,13,18,0.5,0.41935483870967744,0.45614035087719296
dsb4updn_median_200_9f,Dlx1_2021-02-12_12-46-54,6,14,10,17,0.5833333333333334,0.45161290322580644,0.509090909090909
dsb4updn_median_200_9f,Dlx1_2021-02-12_12-46-54,7,10,7,21,0.5882352941176471,0.3225806451612903,0.41666666666666663
dsb4updn_median_200_9f,Som2_2019-07-24_12-01-49,0,41,20,23,0.6721311475409836,0.640625,0.6559999999999999
dsb4updn_median_200_9f,Som2_2019-07-24_12-01-49,1,47,35,17,0.573170731707317,0.734375,0.6438356164383561
dsb4updn_median_200_9f,Som2_2019-07-24_12-01-49,2,47,17,17,0.734375,0.734375,0.734375
dsb4updn_median_200_9f,Som2_2019-07-24_12-01-49,3,40,20,24,0.6666666666666666,0.625,0.6451612903225806
dsb4updn_median_200_9f,Som2_2019-07-24_12-01-49,4,38,14,26,0.7307692307692307,0.59375,0.6551724137931033
dsb4updn_median_200_9f,Som2_2019-07-24_12-01-49,5,30,15,34,0.6666666666666666,0.46875,0.5504587155963303
dsb4updn_median_200_9f,Som2_2019-07-24_12-01-49,6,29,14,35,0.6744186046511628,0.453125,0.5420560747663552
dsb4updn_median_200_9f,Som2_2019-07-24_12-01-49,7,26,20,38,0.5652173913043478,0.40625,0.4727272727272727
dsb4updn_median_200_9f,Thy7_2020-11-11_16-05-00,0,86,15,53,0.8514851485148515,0.6187050359712231,0.7166666666666667
dsb4updn_median_200_9f,Thy7_2020-11-11_16-05-00,1,88,13,51,0.8712871287128713,0.6330935251798561,0.7333333333333333
dsb4updn_median_200_9f,Thy7_2020-11-11_16-05-00,2,76,10,63,0.8837209302325582,0.5467625899280576,0.6755555555555556
dsb4updn_median_200_9f,Thy7_2020-11-11_16-05-00,3,56,5,83,0.9180327868852459,0.4028776978417266,0.56
dsb4updn_median_200_9f,Thy7_2020-11-11_16-05-00,4,57,3,82,0.95,0.41007194244604317,0.5728643216080402
dsb4updn_median_200_9f,Thy7_2020-11-11_16-05-00,5,32,1,107,0.9696969696969697,0.2302158273381295,0.372093023255814
dsb4updn_median_200_9f,Thy7_2020-11-11_16-05-00,6,25,2,114,0.9259259259259259,0.17985611510791366,0.30120481927710846
dsb4updn_median_200_9f,Thy7_2020-11-11_16-05-00,7,11,1,128,0.9166666666666666,0.07913669064748201,0.1456953642384106
dsb4updn_median_200_12b,Amigo2_2019-07-11_11-57-07,0,187,335,37,0.35823754789272033,0.8348214285714286,0.5013404825737267
dsb4updn_median_200_12b,Amigo2_2019-07-11_11-57-07,1,170,194,54,0.46703296703296704,0.7589285714285714,0.5782312925170069
dsb4updn_median_200_12b,Amigo2_2019-07-11_11-57-07,2,129,68,95,0.6548223350253807,0.5758928571428571,0.6128266033254156
dsb4updn_median_200_12b,Amigo2_2019-07-11_11-57-07,3,87,31,137,0.7372881355932204,0.38839285714285715,0.5087719298245613
dsb4updn_median_200_12b,Amigo2_2019-07-11_11-57-07,4,81,56,143,0.5912408759124088,0.36160714285714285,0.4487534626038781
dsb4updn_median_200_12b,Amigo2_2019-07-11_11-57-07,5,58,38,166,0.6041666666666666,0.25892857142857145,0.3625
dsb4updn_median_200_12b,Amigo2_2019-07-11_11-57-07,6,46,41,178,0.5287356321839081,0.20535714285714285,0.29581993569131837
dsb4updn_median_200_12b,Amigo2_2019-07-11_11-57-07,7,40,43,184,0.4819277108433735,0.17857142857142858,0.260586319218241
dsb4updn_median_200_12b,Dlx1_2021-02-12_12-46-54,0,12,10,19,0.5454545454545454,0.3870967741935484,0.45283018867924524
dsb4updn_median_200_12b,Dlx1_2021-02-12_12-46-54,1,25,19,6,0.5681818181818182,0.8064516129032258,0.6666666666666667
dsb4updn_median_200_12b,Dlx1_2021-02-12_12-46-54,2,21,18,10,0.5384615384615384,0.6774193548387096,0.6
dsb4updn_median_200_12b,Dlx1_2021-02-12_12-46-54,3,19,19,12,0.5,0.6129032258064516,0.5507246376811595
dsb4updn_median_200_12b,Dlx1_2021-02-12_12-46-54,4,22,18,9,0.55,0.7096774193548387,0.619718309859155
dsb4updn_median_200_12b,Dlx1_2021-02-12_12-46-54,5,11,8,20,0.5789473684210527,0.3548387096774194,0.44000000000000006
dsb4updn_median_200_12b,Dlx1_2021-02-12_12-46-54,6,16,6,15,0.7272727272727273,0.5161290322580645,0.6037735849056604
dsb4updn_median_200_12b,Dlx1_2021-02-12_12-46-54,7,10,5,21,0.6666666666666666,0.3225806451612903,0.4347826086956521
dsb4updn_median_200_12b,Som2_2019-07-24_12-01-49,0,44,18,20,0.7096774193548387,0.6875,0.6984126984126984
dsb4updn_median_200_12b,Som2_2019-07-24_12-01-49,1,45,33,19,0.5769230769230769,0.703125,0.6338028169014084
dsb4updn_median_200_12b,Som2_2019-07-24_12-01-49,2,44,11,20,0.8,0.6875,0.7394957983193278
dsb4updn_median_200_12b,Som2_2019-07-24_12-01-49,3,41,10,23,0.803921568627451,0.640625,0.7130434782608696
dsb4updn_median_200_12b,Som2_2019-07-24_12-01-49,4,41,14,23,0.7454545454545455,0.640625,0.6890756302521008
dsb4updn_median_200_12b,Som2_2019-07-24_12-01-49,5,32,12,32,0.7272727272727273,0.5,0.5925925925925926
dsb4updn_median_200_12b,Som2_2019-07-24_12-01-49,6,26,5,38,0.8387096774193549,0.40625,0.5473684210526316
dsb4updn_median_200_12b,Som2_2019-07-24_12-01-49,7,28,13,36,0.6829268292682927,0.4375,0.5333333333333333
dsb4updn_median_200_12b,Thy7_2020-11-11_16-05-00,0,80,11,59,0.8791208791208791,0.5755395683453237,0.6956521739130435
dsb4updn_median_200_12b,Thy7_2020-11-11_16-05-00,1,75,12,64,0.8620689655172413,0.539568345323741,0.663716814159292
dsb4updn_median_200_12b,Thy7_2020-11-11_16-05-00,2,76,8,63,0.9047619047619048,0.5467625899280576,0.6816143497757848
dsb4updn_median_200_12b,Thy7_2020-11-11_16-05-00,3,52,6,87,0.896551724137931,0.37410071942446044,0.5279187817258884
dsb4updn_median_200_12b,Thy7_2020-11-11_16-05-00,4,46,2,93,0.9583333333333334,0.33093525179856115,0.4919786096256685
dsb4updn_median_200_12b,Thy7_2020-11-11_16-05-00,5,25,3,114,0.8928571428571429,0.17985611510791366,0.2994011976047904
dsb4updn_median_200_12b,Thy7_2020-11-11_16-05-00,6,20,1,119,0.9523809523809523,0.14388489208633093,0.25
dsb4updn_median_200_12b,Thy7_2020-11-11_16-05-00,7,12,1,127,0.9230769230769231,0.08633093525179857,0.15789473684210528
updnb4ds_100_13b,Amigo2_2019-07-11_11-57-07,0,212,539,12,0.2822902796271638,0.9464285714285714,0.43487179487179484
updnb4ds_100_13b,Amigo2_2019-07-11_11-57-07,1,191,318,33,0.37524557956778,0.8526785714285714,0.5211459754433834
updnb4ds_100_13b,Amigo2_2019-07-11_11-57-07,2,159,144,65,0.5247524752475248,0.7098214285714286,0.6034155597722961
updnb4ds_100_13b,Amigo2_2019-07-11_11-57-07,3,125,62,99,0.6684491978609626,0.5580357142857143,0.608272506082725
updnb4ds_100_13b,Amigo2_2019-07-11_11-57-07,4,127,105,97,0.5474137931034483,0.5669642857142857,0.5570175438596491
updnb4ds_100_13b,Amigo2_2019-07-11_11-57-07,5,103,72,121,0.5885714285714285,0.45982142857142855,0.5162907268170426
updnb4ds_100_13b,Amigo2_2019-07-11_11-57-07,6,75,84,149,0.4716981132075472,0.33482142857142855,0.391644908616188
updnb4ds_100_13b,Amigo2_2019-07-11_11-57-07,7,70,103,154,0.4046242774566474,0.3125,0.35264483627204035
updnb4ds_100_13b,Dlx1_2021-02-12_12-46-54,0,20,25,11,0.4444444444444444,0.6451612903225806,0.5263157894736842
updnb4ds_100_13b,Dlx1_2021-02-12_12-46-54,1,24,39,7,0.38095238095238093,0.7741935483870968,0.5106382978723405
updnb4ds_100_13b,Dlx1_2021-02-12_12-46-54,2,23,36,8,0.3898305084745763,0.7419354838709677,0.5111111111111112
updnb4ds_100_13b,Dlx1_2021-02-12_12-46-54,3,25,23,6,0.5208333333333334,0.8064516129032258,0.6329113924050633
updnb4ds_100_13b,Dlx1_2021-02-12_12-46-54,4,25,30,6,0.45454545454545453,0.8064516129032258,0.5813953488372092
updnb4ds_100_13b,Dlx1_2021-02-12_12-46-54,5,16,12,15,0.5714285714285714,0.5161290322580645,0.5423728813559322
updnb4ds_100_13b,Dlx1_2021-02-12_12-46-54,6,16,11,15,0.5925925925925926,0.5161290322580645,0.5517241379310345
updnb4ds_100_13b,Dlx1_2021-02-12_12-46-54,7,10,7,21,0.5882352941176471,0.3225806451612903,0.41666666666666663
updnb4ds_100_13b,Som2_2019-07-24_12-01-49,0,56,42,8,0.5714285714285714,0.875,0.691358024691358
updnb4ds_100_13b,Som2_2019-07-24_12-01-49,1,52,63,12,0.45217391304347826,0.8125,0.5810055865921787
updnb4ds_100_13b,Som2_2019-07-24_12-01-49,2,51,32,13,0.6144578313253012,0.796875,0.6938775510204082
updnb4ds_100_13b,Som2_2019-07-24_12-01-49,3,47,31,17,0.6025641025641025,0.734375,0.6619718309859154
updnb4ds_100_13b,Som2_2019-07-24_12-01-49,4,46,27,18,0.6301369863013698,0.71875,0.6715328467153284
updnb4ds_100_13b,Som2_2019-07-24_12-01-49,5,40,31,24,0.5633802816901409,0.625,0.5925925925925926
updnb4ds_100_13b,Som2_2019-07-24_12-01-49,6,39,35,25,0.527027027027027,0.609375,0.5652173913043478
updnb4ds_100_13b,Som2_2019-07-24_12-01-49,7,35,34,29,0.5072463768115942,0.546875,0.5263157894736842
updnb4ds_100_13b,Thy7_2020-11-11_16-05-00,0,105,25,34,0.8076923076923077,0.7553956834532374,0.7806691449814126
updnb4ds_100_13b,Thy7_2020-11-11_16-05-00,1,94,20,45,0.8245614035087719,0.6762589928057554,0.7430830039525692
updnb4ds_100_13b,Thy7_2020-11-11_16-05-00,2,102,19,37,0.8429752066115702,0.7338129496402878,0.7846153846153846
updnb4ds_100_13b,Thy7_2020-11-11_16-05-00,3,73,8,66,0.9012345679012346,0.5251798561151079,0.6636363636363636
updnb4ds_100_13b,Thy7_2020-11-11_16-05-00,4,63,9,76,0.875,0.45323741007194246,0.5971563981042655
updnb4ds_100_13b,Thy7_2020-11-11_16-05-00,5,42,6,97,0.875,0.302158273381295,0.4491978609625669
updnb4ds_100_13b,Thy7_2020-11-11_16-05-00,6,34,3,105,0.918918918918919,0.2446043165467626,0.3863636363636364
updnb4ds_100_13b,Thy7_2020-11-11_16-05-00,7,20,5,119,0.8,0.14388489208633093,0.24390243902439024
updnb4ds_100_7,Amigo2_2019-07-11_11-57-07,0,208,511,16,0.28929068150208626,0.9285714285714286,0.4411452810180275
updnb4ds_100_7,Amigo2_2019-07-11_11-57-07,1,193,311,31,0.38293650793650796,0.8616071428571429,0.5302197802197802
updnb4ds_100_7,Amigo2_2019-07-11_11-57-07,2,160,142,64,0.5298013245033113,0.7142857142857143,0.6083650190114068
updnb4ds_100_7,Amigo2_2019-07-11_11-57-07,3,128,68,96,0.6530612244897959,0.5714285714285714,0.6095238095238094
updnb4ds_100_7,Amigo2_2019-07-11_11-57-07,4,118,102,106,0.5363636363636364,0.5267857142857143,0.5315315315315315
updnb4ds_100_7,Amigo2_2019-07-11_11-57-07,5,95,77,129,0.5523255813953488,0.42410714285714285,0.4797979797979798
updnb4ds_100_7,Amigo2_2019-07-11_11-57-07,6,76,118,148,0.3917525773195876,0.3392857142857143,0.3636363636363636
updnb4ds_100_7,Amigo2_2019-07-11_11-57-07,7,67,119,157,0.3602150537634409,0.29910714285714285,0.3268292682926829
updnb4ds_100_7,Dlx1_2021-02-12_12-46-54,0,20,27,11,0.425531914893617,0.6451612903225806,0.5128205128205128
updnb4ds_100_7,Dlx1_2021-02-12_12-46-54,1,25,33,6,0.43103448275862066,0.8064516129032258,0.5617977528089887
updnb4ds_100_7,Dlx1_2021-02-12_12-46-54,2,25,34,6,0.423728813559322,0.8064516129032258,0.5555555555555555
updnb4ds_100_7,Dlx1_2021-02-12_12-46-54,3,23,22,8,0.5111111111111111,0.7419354838709677,0.6052631578947368
updnb4ds_100_7,Dlx1_2021-02-12_12-46-54,4,26,32,5,0.4482758620689655,0.8387096774193549,0.5842696629213483
updnb4ds_100_7,Dlx1_2021-02-12_12-46-54,5,19,23,12,0.4523809523809524,0.6129032258064516,0.5205479452054794
updnb4ds_100_7,Dlx1_2021-02-12_12-46-54,6,19,17,12,0.5277777777777778,0.6129032258064516,0.5671641791044777
updnb4ds_100_7,Dlx1_2021-02-12_12-46-54,7,12,21,19,0.36363636363636365,0.3870967741935484,0.37500000000000006
updnb4ds_100_7,Som2_2019-07-24_12-01-49,0,51,31,13,0.6219512195121951,0.796875,0.6986301369863013
updnb4ds_100_7,Som2_2019-07-24_12-01-49,1,56,54,8,0.509090909090909,0.875,0.6436781609195402
updnb4ds_100_7,Som2_2019-07-24_12-01-49,2,50,36,14,0.5813953488372093,0.78125,0.6666666666666666
updnb4ds_100_7,Som2_2019-07-24_12-01-49,3,49,30,15,0.620253164556962,0.765625,0.6853146853146853
updnb4ds_100_7,Som2_2019-07-24_12-01-49,4,49,28,15,0.6363636363636364,0.765625,0.6950354609929078
updnb4ds_100_7,Som2_2019-07-24_12-01-49,5,41,32,23,0.5616438356164384,0.640625,0.5985401459854014
updnb4ds_100_7,Som2_2019-07-24_12-01-49,6,40,23,24,0.6349206349206349,0.625,0.6299212598425197
updnb4ds_100_7,Som2_2019-07-24_12-01-49,7,36,36,28,0.5,0.5625,0.5294117647058824
updnb4ds_100_7,Thy7_2020-11-11_16-05-00,0,108,24,31,0.8181818181818182,0.7769784172661871,0.7970479704797049
updnb4ds_100_7,Thy7_2020-11-11_16-05-00,1,106,18,33,0.8548387096774194,0.762589928057554,0.8060836501901142
updnb4ds_100_7,Thy7_2020-11-11_16-05-00,2,101,14,38,0.8782608695652174,0.7266187050359713,0.7952755905511811
updnb4ds_100_7,Thy7_2020-11-11_16-05-00,3,78,9,61,0.896551724137931,0.5611510791366906,0.6902654867256636
updnb4ds_100_7,Thy7_2020-11-11_16-05-00,4,68,9,71,0.8831168831168831,0.4892086330935252,0.6296296296296297
updnb4ds_100_7,Thy7_2020-11-11_16-05-00,5,48,9,91,0.8421052631578947,0.34532374100719426,0.4897959183673469
updnb4ds_100_7,Thy7_2020-11-11_16-05-00,6,43,8,96,0.8431372549019608,0.30935251798561153,0.45263157894736844
updnb4ds_100_7,Thy7_2020-11-11_16-05-00,7,23,6,116,0.7931034482758621,0.16546762589928057,0.27380952380952384
updnb4ds_100_13f,Amigo2_2019-07-11_11-57-07,0,213,526,11,0.2882273342354533,0.9508928571428571,0.4423676012461059
updnb4ds_100_13f,Amigo2_2019-07-11_11-57-07,1,191,305,33,0.3850806451612903,0.8526785714285714,0.5305555555555556
updnb4ds_100_13f,Amigo2_2019-07-11_11-57-07,2,158,141,66,0.5284280936454849,0.7053571428571429,0.6042065009560229
updnb4ds_100_13f,Amigo2_2019-07-11_11-57-07,3,122,58,102,0.6777777777777778,0.5446428571428571,0.6039603960396039
updnb4ds_100_13f,Amigo2_2019-07-11_11-57-07,4,127,108,97,0.5404255319148936,0.5669642857142857,0.5533769063180827
updnb4ds_100_13f,Amigo2_2019-07-11_11-57-07,5,102,68,122,0.6,0.45535714285714285,0.5177664974619288
updnb4ds_100_13f,Amigo2_2019-07-11_11-57-07,6,77,83,147,0.48125,0.34375,0.4010416666666667
updnb4ds_100_13f,Amigo2_2019-07-11_11-57-07,7,70,103,154,0.4046242774566474,0.3125,0.35264483627204035
updnb4ds_100_13f,Dlx1_2021-02-12_12-46-54,0,21,23,10,0.4772727272727273,0.6774193548387096,0.5599999999999999
updnb4ds_100_13f,Dlx1_2021-02-12_12-46-54,1,24,37,7,0.39344262295081966,0.7741935483870968,0.5217391304347826
updnb4ds_100_13f,Dlx1_2021-02-12_12-46-54,2,23,35,8,0.39655172413793105,0.7419354838709677,0.5168539325842697
updnb4ds_100_13f,Dlx1_2021-02-12_12-46-54,3,25,22,6,0.5319148936170213,0.8064516129032258,0.641025641025641
updnb4ds_100_13f,Dlx1_2021-02-12_12-46-54,4,25,28,6,0.4716981132075472,0.8064516129032258,0.5952380952380953
updnb4ds_100_13f,Dlx1_2021-02-12_12-46-54,5,14,12,17,0.5384615384615384,0.45161290322580644,0.4912280701754386
updnb4ds_100_13f,Dlx1_2021-02-12_12-46-54,6,15,13,16,0.5357142857142857,0.4838709677419355,0.5084745762711865
updnb4ds_100_13f,Dlx1_2021-02-12_12-46-54,7,11,7,20,0.6111111111111112,0.3548387096774194,0.4489795918367347
updnb4ds_100_13f,Som2_2019-07-24_12-01-49,0,56,39,8,0.5894736842105263,0.875,0.7044025157232703
updnb4ds_100_13f,Som2_2019-07-24_12-01-49,1,54,61,10,0.46956521739130436,0.84375,0.6033519553072626
updnb4ds_100_13f,Som2_2019-07-24_12-01-49,2,51,30,13,0.6296296296296297,0.796875,0.7034482758620689
updnb4ds_100_13f,Som2_2019-07-24_12-01-49,3,47,30,17,0.6103896103896104,0.734375,0.6666666666666666
updnb4ds_100_13f,Som2_2019-07-24_12-01-49,4,46,26,18,0.6388888888888888,0.71875,0.676470588235294
updnb4ds_100_13f,Som2_2019-07-24_12-01-49,5,39,30,25,0.5652173913043478,0.609375,0.5864661654135338
updnb4ds_100_13f,Som2_2019-07-24_12-01-49,6,39,35,25,0.527027027027027,0.609375,0.5652173913043478
updnb4ds_100_13f,Som2_2019-07-24_12-01-49,7,34,34,30,0.5,0.53125,0.5151515151515151
updnb4ds_100_13f,Thy7_2020-11-11_16-05-00,0,107,23,32,0.823076923076923,0.7697841726618705,0.7955390334572491
updnb4ds_100_13f,Thy7_2020-11-11_16-05-00,1,94,18,45,0.8392857142857143,0.6762589928057554,0.749003984063745
updnb4ds_100_13f,Thy7_2020-11-11_16-05-00,2,100,18,39,0.847457627118644,0.7194244604316546,0.7782101167315175
updnb4ds_100_13f,Thy7_2020-11-11_16-05-00,3,71,8,68,0.8987341772151899,0.5107913669064749,0.6513761467889909
updnb4ds_100_13f,Thy7_2020-11-11_16-05-00,4,63,9,76,0.875,0.45323741007194246,0.5971563981042655
updnb4ds_100_13f,Thy7_2020-11-11_16-05-00,5,41,5,98,0.8913043478260869,0.2949640287769784,0.44324324324324327
updnb4ds_100_13f,Thy7_2020-11-11_16-05-00,6,33,3,106,0.9166666666666666,0.23741007194244604,0.3771428571428571
updnb4ds_100_13f,Thy7_2020-11-11_16-05-00,7,20,4,119,0.8333333333333334,0.14388489208633093,0.24539877300613497
adapt20_3b,Amigo2_2019-07-11_11-57-07,0,221,939,3,0.19051724137931034,0.9866071428571429,0.319364161849711
adapt20_3b,Amigo2_2019-07-11_11-57-07,1,215,616,9,0.25872442839951865,0.9598214285714286,0.4075829383886256
adapt20_3b,Amigo2_2019-07-11_11-57-07,2,190,325,34,0.36893203883495146,0.8482142857142857,0.5142083897158322
adapt20_3b,Amigo2_2019-07-11_11-57-07,3,161,174,63,0.48059701492537316,0.71875,0.5760286225402504
adapt20_3b,Amigo2_2019-07-11_11-57-07,4,159,268,65,0.37236533957845436,0.7098214285714286,0.48847926267281105
adapt20_3b,Amigo2_2019-07-11_11-57-07,5,136,191,88,0.41590214067278286,0.6071428571428571,0.4936479128856624
adapt20_3b,Amigo2_2019-07-11_11-57-07,6,121,244,103,0.3315068493150685,0.5401785714285714,0.41086587436332767
adapt20_3b,Amigo2_2019-07-11_11-57-07,7,115,291,109,0.2832512315270936,0.5133928571428571,0.36507936507936506
adapt20_3b,Dlx1_2021-02-12_12-46-54,0,27,69,4,0.28125,0.8709677419354839,0.42519685039370075
adapt20_3b,Dlx1_2021-02-12_12-46-54,1,29,105,2,0.21641791044776118,0.9354838709677419,0.3515151515151515
adapt20_3b,Dlx1_2021-02-12_12-46-54,2,28,94,3,0.22950819672131148,0.9032258064516129,0.36601307189542487
adapt20_3b,Dlx1_2021-02-12_12-46-54,3,26,62,5,0.29545454545454547,0.8387096774193549,0.4369747899159664
adapt20_3b,Dlx1_2021-02-12_12-46-54,4,28,82,3,0.2545454545454545,0.9032258064516129,0.39716312056737585
adapt20_3b,Dlx1_2021-02-12_12-46-54,5,25,33,6,0.43103448275862066,0.8064516129032258,0.5617977528089887
adapt20_3b,Dlx1_2021-02-12_12-46-54,6,25,47,6,0.3472222222222222,0.8064516129032258,0.48543689320388356
adapt20_3b,Dlx1_2021-02-12_12-46-54,7,16,21,15,0.43243243243243246,0.5161290322580645,0.47058823529411764
adapt20_3b,Som2_2019-07-24_12-01-49,0,56,89,8,0.38620689655172413,0.875,0.5358851674641149
adapt20_3b,Som2_2019-07-24_12-01-49,1,60,136,4,0.30612244897959184,0.9375,0.46153846153846156
adapt20_3b,Som2_2019-07-24_12-01-49,2,55,75,9,0.4230769230769231,0.859375,0.5670103092783505
adapt20_3b,Som2_2019-07-24_12-01-49,3,55,71,9,0.4365079365079365,0.859375,0.5789473684210527
adapt20_3b,Som2_2019-07-24_12-01-49,4,55,66,9,0.45454545454545453,0.859375,0.5945945945945946
adapt20_3b,Som2_2019-07-24_12-01-49,5,56,67,8,0.45528455284552843,0.875,0.5989304812834224
adapt20_3b,Som2_2019-07-24_12-01-49,6,50,57,14,0.4672897196261682,0.78125,0.5847953216374269
adapt20_3b,Som2_2019-07-24_12-01-49,7,46,69,18,0.4,0.71875,0.5139664804469275
adapt20_3b,Thy7_2020-11-11_16-05-00,0,121,50,18,0.7076023391812866,0.8705035971223022,0.7806451612903226
adapt20_3b,Thy7_2020-11-11_16-05-00,1,117,41,22,0.740506329113924,0.841726618705036,0.7878787878787877
adapt20_3b,Thy7_2020-11-11_16-05-00,2,116,44,23,0.725,0.8345323741007195,0.7759197324414715
adapt20_3b,Thy7_2020-11-11_16-05-00,3,99,22,40,0.8181818181818182,0.7122302158273381,0.7615384615384615
adapt20_3b,Thy7_2020-11-11_16-05-00,4,93,21,46,0.8157894736842105,0.6690647482014388,0.7351778656126482
adapt20_3b,Thy7_2020-11-11_16-05-00,5,65,12,74,0.8441558441558441,0.4676258992805755,0.6018518518518519
adapt20_3b,Thy7_2020-11-11_16-05-00,6,57,9,82,0.8636363636363636,0.41007194244604317,0.5560975609756097
adapt20_3b,Thy7_2020-11-11_16-05-00,7,36,7,103,0.8372093023255814,0.2589928057553957,0.3956043956043956
dsb4updn_median_200_11f,Amigo2_2019-07-11_11-57-07,0,206,630,18,0.24641148325358853,0.9196428571428571,0.38867924528301884
dsb4updn_median_200_11f,Amigo2_2019-07-11_11-57-07,1,192,377,32,0.3374340949033392,0.8571428571428571,0.48423707440100894
dsb4updn_median_200_11f,Amigo2_2019-07-11_11-57-07,2,171,178,53,0.4899713467048711,0.7633928571428571,0.5968586387434555
dsb4updn_median_200_11f,Amigo2_2019-07-11_11-57-07,3,130,93,94,0.5829596412556054,0.5803571428571429,0.5816554809843401
dsb4updn_median_200_11f,Amigo2_2019-07-11_11-57-07,4,117,121,107,0.49159663865546216,0.5223214285714286,0.5064935064935064
dsb4updn_median_200_11f,Amigo2_2019-07-11_11-57-07,5,92,81,132,0.5317919075144508,0.4107142857142857,0.4634760705289672
dsb4updn_median_200_11f,Amigo2_2019-07-11_11-57-07,6,88,129,136,0.4055299539170507,0.39285714285714285,0.39909297052154197
dsb4updn_median_200_11f,Amigo2_2019-07-11_11-57-07,7,80,128,144,0.38461538461538464,0.35714285714285715,0.3703703703703704
dsb4updn_median_200_11f,Dlx1_2021-02-12_12-46-54,0,22,41,9,0.3492063492063492,0.7096774193548387,0.4680851063829788
dsb4updn_median_200_11f,Dlx1_2021-02-12_12-46-54,1,25,47,6,0.3472222222222222,0.8064516129032258,0.48543689320388356
dsb4updn_median_200_11f,Dlx1_2021-02-12_12-46-54,2,25,42,6,0.373134328358209,0.8064516129032258,0.5102040816326532
dsb4updn_median_200_11f,Dlx1_2021-02-12_12-46-54,3,25,35,6,0.4166666666666667,0.8064516129032258,0.5494505494505494
dsb4updn_median_200_11f,Dlx1_2021-02-12_12-46-54,4,24,41,7,0.36923076923076925,0.7741935483870968,0.5
dsb4updn_median_200_11f,Dlx1_2021-02-12_12-46-54,5,21,25,10,0.45652173913043476,0.6774193548387096,0.5454545454545454
dsb4updn_median_200_11f,Dlx1_2021-02-12_12-46-54,6,22,22,9,0.5,0.7096774193548387,0.5866666666666667
dsb4updn_median_200_11f,Dlx1_2021-02-12_12-46-54,7,17,15,14,0.53125,0.5483870967741935,0.5396825396825397
dsb4updn_median_200_11f,Som2_2019-07-24_12-01-49,0,48,60,16,0.4444444444444444,0.75,0.5581395348837209
dsb4updn_median_200_11f,Som2_2019-07-24_12-01-49,1,54,85,10,0.38848920863309355,0.84375,0.5320197044334976
dsb4updn_median_200_11f,Som2_2019-07-24_12-01-49,2,52,54,12,0.49056603773584906,0.8125,0.611764705882353
dsb4updn_median_200_11f,Som2_2019-07-24_12-01-49,3,50,51,14,0.49504950495049505,0.78125,0.6060606060606061
dsb4updn_median_200_11f,Som2_2019-07-24_12-01-49,4,49,46,15,0.5157894736842106,0.765625,0.6163522012578617
dsb4updn_median_200_11f,Som2_2019-07-24_12-01-49,5,48,46,16,0.5106382978723404,0.75,0.6075949367088608
dsb4updn_median_200_11f,Som2_2019-07-24_12-01-49,6,40,53,24,0.43010752688172044,0.625,0.5095541401273884
dsb4updn_median_200_11f,Som2_2019-07-24_12-01-49,7,38,39,26,0.4935064935064935,0.59375,0.5390070921985816
dsb4updn_median_200_11f,Thy7_2020-11-11_16-05-00,0,104,37,35,0.7375886524822695,0.7482014388489209,0.7428571428571428
dsb4updn_median_200_11f,Thy7_2020-11-11_16-05-00,1,99,21,40,0.825,0.7122302158273381,0.7644787644787645
dsb4updn_median_200_11f,Thy7_2020-11-11_16-05-00,2,99,19,40,0.8389830508474576,0.7122302158273381,0.7704280155642024
dsb4updn_median_200_11f,Thy7_2020-11-11_16-05-00,3,84,15,55,0.8484848484848485,0.60431654676259,0.7058823529411765
dsb4updn_median_200_11f,Thy7_2020-11-11_16-05-00,4,72,11,67,0.8674698795180723,0.5179856115107914,0.6486486486486487
dsb4updn_median_200_11f,Thy7_2020-11-11_16-05-00,5,53,11,86,0.828125,0.381294964028777,0.522167487684729
dsb4updn_median_200_11f,Thy7_2020-11-11_16-05-00,6,43,4,96,0.9148936170212766,0.30935251798561153,0.46236559139784944
dsb4updn_median_200_11f,Thy7_2020-11-11_16-05-00,7,22,9,117,0.7096774193548387,0.15827338129496402,0.2588235294117647
dsb4updn_median_200_14b,Amigo2_2019-07-11_11-57-07,0,214,766,10,0.21836734693877552,0.9553571428571429,0.3554817275747508
dsb4updn_median_200_14b,Amigo2_2019-07-11_11-57-07,1,200,471,24,0.29806259314456035,0.8928571428571429,0.44692737430167595
dsb4updn_median_200_14b,Amigo2_2019-07-11_11-57-07,2,185,261,39,0.4147982062780269,0.8258928571428571,0.5522388059701492
dsb4updn_median_200_14b,Amigo2_2019-07-11_11-57-07,3,145,117,79,0.5534351145038168,0.6473214285714286,0.5967078189300411
dsb4updn_median_200_14b,Amigo2_2019-07-11_11-57-07,4,140,179,84,0.438871473354232,0.625,0.5156537753222835
dsb4updn_median_200_14b,Amigo2_2019-07-11_11-57-07,5,114,126,110,0.475,0.5089285714285714,0.49137931034482757
dsb4updn_median_200_14b,Amigo2_2019-07-11_11-57-07,6,111,180,113,0.38144329896907214,0.4955357142857143,0.43106796116504853
dsb4updn_median_200_14b,Amigo2_2019-07-11_11-57-07,7,98,176,126,0.35766423357664234,0.4375,0.39357429718875503
dsb4updn_median_200_14b,Dlx1_2021-02-12_12-46-54,0,23,63,8,0.26744186046511625,0.7419354838709677,0.3931623931623931
dsb4updn_median_200_14b,Dlx1_2021-02-12_12-46-54,1,27,66,4,0.2903225806451613,0.8709677419354839,0.435483870967742
dsb4updn_median_200_14b,Dlx1_2021-02-12_12-46-54,2,26,58,5,0.30952380952380953,0.8387096774193549,0.4521739130434783
dsb4updn_median_200_14b,Dlx1_2021-02-12_12-46-54,3,25,45,6,0.35714285714285715,0.8064516129032258,0.495049504950495
dsb4updn_median_200_14b,Dlx1_2021-02-12_12-46-54,4,25,48,6,0.3424657534246575,0.8064516129032258,0.4807692307692307
dsb4updn_median_200_14b,Dlx1_2021-02-12_12-46-54,5,22,37,9,0.3728813559322034,0.7096774193548387,0.4888888888888889
dsb4updn_median_200_14b,Dlx1_2021-02-12_12-46-54,6,24,35,7,0.4067796610169492,0.7741935483870968,0.5333333333333334
dsb4updn_median_200_14b,Dlx1_2021-02-12_12-46-54,7,19,28,12,0.40425531914893614,0.6129032258064516,0.48717948717948717
dsb4updn_median_200_14b,Som2_2019-07-24_12-01-49,0,53,93,11,0.363013698630137,0.828125,0.5047619047619049
dsb4updn_median_200_14b,Som2_2019-07-24_12-01-49,1,57,126,7,0.3114754098360656,0.890625,0.4615384615384615
dsb4updn_median_200_14b,Som2_2019-07-24_12-01-49,2,55,90,9,0.3793103448275862,0.859375,0.5263157894736842
dsb4updn_median_200_14b,Som2_2019-07-24_12-01-49,3,54,85,10,0.38848920863309355,0.84375,0.5320197044334976
dsb4updn_median_200_14b,Som2_2019-07-24_12-01-49,4,53,73,11,0.42063492063492064,0.828125,0.5578947368421052
dsb4updn_median_200_14b,Som2_2019-07-24_12-01-49,5,49,74,15,0.3983739837398374,0.765625,0.5240641711229946
dsb4updn_median_200_14b,Som2_2019-07-24_12-01-49,6,45,80,19,0.36,0.703125,0.4761904761904762
dsb4updn_median_200_14b,Som2_2019-07-24_12-01-49,7,43,75,21,0.3644067796610169,0.671875,0.47252747252747257
dsb4updn_median_200_14b,Thy7_2020-11-11_16-05-00,0,113,46,26,0.710691823899371,0.8129496402877698,0.7583892617449665
dsb4updn_median_200_14b,Thy7_2020-11-11_16-05-00,1,108,25,31,0.8120300751879699,0.7769784172661871,0.7941176470588235
dsb4updn_median_200_14b,Thy7_2020-11-11_16-05-00,2,109,30,30,0.7841726618705036,0.7841726618705036,0.7841726618705036
dsb4updn_median_200_14b,Thy7_2020-11-11_16-05-00,3,95,18,44,0.8407079646017699,0.6834532374100719,0.753968253968254
dsb4updn_median_200_14b,Thy7_2020-11-11_16-05-00,4,79,14,60,0.8494623655913979,0.5683453237410072,0.6810344827586207
dsb4updn_median_200_14b,Thy7_2020-11-11_16-05-00,5,55,19,84,0.7432432432432432,0.39568345323741005,0.516431924882629
dsb4updn_median_200_14b,Thy7_2020-11-11_16-05-00,6,53,12,86,0.8153846153846154,0.381294964028777,0.5196078431372548
dsb4updn_median_200_14b,Thy7_2020-11-11_16-05-00,7,27,11,112,0.7105263157894737,0.19424460431654678,0.3050847457627119
dsb4updn_median_200_16b,Amigo2_2019-07-11_11-57-07,0,218,961,6,0.18490245971162,0.9732142857142857,0.31076265146115467
dsb4updn_median_200_16b,Amigo2_2019-07-11_11-57-07,1,212,603,12,0.26012269938650306,0.9464285714285714,0.4080846968238691
dsb4updn_median_200_16b,Amigo2_2019-07-11_11-57-07,2,191,295,33,0.39300411522633744,0.8526785714285714,0.5380281690140845
dsb4updn_median_200_16b,Amigo2_2019-07-11_11-57-07,3,161,151,63,0.5160256410256411,0.71875,0.6007462686567165
dsb4updn_median_200_16b,Amigo2_2019-07-11_11-57-07,4,157,228,67,0.4077922077922078,0.7008928571428571,0.5155993431855501
dsb4updn_median_200_16b,Amigo2_2019-07-11_11-57-07,5,131,159,93,0.4517241379310345,0.5848214285714286,0.509727626459144
dsb4updn_median_200_16b,Amigo2_2019-07-11_11-57-07,6,107,200,117,0.3485342019543974,0.47767857142857145,0.4030131826741996
dsb4updn_median_200_16b,Amigo2_2019-07-11_11-57-07,7,94,223,130,0.29652996845425866,0.41964285714285715,0.34750462107208874
dsb4updn_median_200_16b,Dlx1_2021-02-12_12-46-54,0,27,52,4,0.34177215189873417,0.8709677419354839,0.4909090909090909
dsb4updn_median_200_16b,Dlx1_2021-02-12_12-46-54,1,28,86,3,0.24561403508771928,0.9032258064516129,0.38620689655172413
dsb4updn_median_200_16b,Dlx1_2021-02-12_12-46-54,2,27,92,4,0.226890756302521,0.8709677419354839,0.36
dsb4updn_median_200_16b,Dlx1_2021-02-12_12-46-54,3,27,47,4,0.36486486486486486,0.8709677419354839,0.5142857142857142
dsb4updn_median_200_16b,Dlx1_2021-02-12_12-46-54,4,27,70,4,0.27835051546391754,0.8709677419354839,0.421875
dsb4updn_median_200_16b,Dlx1_2021-02-12_12-46-54,5,25,31,6,0.44642857142857145,0.8064516129032258,0.5747126436781609
dsb4updn_median_200_16b,Dlx1_2021-02-12_12-46-54,6,24,31,7,0.43636363636363634,0.7741935483870968,0.5581395348837209
dsb4updn_median_200_16b,Dlx1_2021-02-12_12-46-54,7,17,19,14,0.4722222222222222,0.5483870967741935,0.5074626865671641
dsb4updn_median_200_16b,Som2_2019-07-24_12-01-49,0,55,82,9,0.40145985401459855,0.859375,0.5472636815920399
dsb4updn_median_200_16b,Som2_2019-07-24_12-01-49,1,58,145,6,0.2857142857142857,0.90625,0.4344569288389513
dsb4updn_median_200_16b,Som2_2019-07-24_12-01-49,2,53,61,11,0.4649122807017544,0.828125,0.5955056179775281
dsb4updn_median_200_16b,Som2_2019-07-24_12-01-49,3,53,68,11,0.4380165289256198,0.828125,0.5729729729729729
dsb4updn_median_200_16b,Som2_2019-07-24_12-01-49,4,53,65,11,0.4491525423728814,0.828125,0.5824175824175823
dsb4updn_median_200_16b,Som2_2019-07-24_12-01-49,5,52,53,12,0.49523809523809526,0.8125,0.6153846153846154
dsb4updn_median_200_16b,Som2_2019-07-24_12-01-49,6,48,41,16,0.5393258426966292,0.75,0.6274509803921569
dsb4updn_median_200_16b,Som2_2019-07-24_12-01-49,7,44,53,20,0.4536082474226804,0.6875,0.546583850931677
dsb4updn_median_200_16b,Thy7_2020-11-11_16-05-00,0,120,45,19,0.7272727272727273,0.8633093525179856,0.7894736842105262
dsb4updn_median_200_16b,Thy7_2020-11-11_16-05-00,1,116,32,23,0.7837837837837838,0.8345323741007195,0.808362369337979
dsb4updn_median_200_16b,Thy7_2020-11-11_16-05-00,2,119,42,20,0.7391304347826086,0.8561151079136691,0.7933333333333332
dsb4updn_median_200_16b,Thy7_2020-11-11_16-05-00,3,99,21,40,0.825,0.7122302158273381,0.7644787644787645
dsb4updn_median_200_16b,Thy7_2020-11-11_16-05-00,4,90,12,49,0.8823529411764706,0.6474820143884892,0.7468879668049792
dsb4updn_median_200_16b,Thy7_2020-11-11_16-05-00,5,60,6,79,0.9090909090909091,0.4316546762589928,0.5853658536585364
dsb4updn_median_200_16b,Thy7_2020-11-11_16-05-00,6,50,5,89,0.9090909090909091,0.3597122302158273,0.5154639175257731
dsb4updn_median_200_16b,Thy7_2020-11-11_16-05-00,7,36,7,103,0.8372093023255814,0.2589928057553957,0.3956043956043956
